Date,Stock,Return,Price Before,Price After
2013-11-05,GICH.NS,24.36102027468934,15.29,387.77
2008-07-01,THOM.NS,17.243194192377494,5.51,100.52
2020-08-17,VENK.NS,14.310073423072645,359.56,5504.89
2021-02-11,TANE.BO,14.28754813863928,7.79,119.09
2013-12-17,XPRO.NS,11.68623853211009,5.45,69.14
2011-07-12,VENK.NS,11.658415457437727,128.87,1631.29
2017-07-21,CHPC.NS,11.007890122735244,68.44,821.82
2023-04-20,JAAO.NS,10.890187349285847,53.91,641.0
2013-01-04,TANE.BO,10.687050359712233,5.56,64.98
2023-12-18,XPRO.NS,10.573218414967418,237.85,2752.69
2017-01-20,BOB.NS,10.539489382009068,41.91,483.62
2011-06-01,THOM.NS,9.60958904109589,7.3,77.45
2015-08-18,WIPR.NS,9.53855072463768,34.5,363.58
2013-01-23,TVEL.NS,9.393700787401576,3.81,39.6
2012-07-25,NALU.NS,9.252418645558487,11.37,116.57
2020-12-30,BOB.NS,9.12909260991581,21.38,216.56
2011-09-23,VSTI.NS,8.70829203832177,30.27,293.87
2022-03-17,XPRO.NS,8.545337159253947,209.1,1995.93
2021-06-30,XPRO.NS,8.4996261682243,53.5,508.23
2017-12-14,HEGL.NS,8.287367223065251,105.44,979.26
2016-02-04,ASHT.NS,7.983232729711602,29.82,267.88
2017-11-01,WSTC.NS,7.55423547582274,84.17,720.01
2007-10-24,CEMI.NS,7.521497919556172,14.42,122.88
2006-07-19,ARTI.NS,7.49438202247191,0.89,7.56
2024-12-03,VENK.NS,7.418802145411204,469.84,3955.49
2014-09-18,VENK.NS,7.4067839578157475,197.23,1658.07
2013-10-22,JAAO.NS,7.398305084745763,16.52,138.74
2013-03-19,WSTC.NS,7.051458670988655,24.68,198.71
2012-10-05,KAMT.NS,6.972884760230982,39.83,317.56
2015-10-06,WRRN.BO,6.8723806752037255,68.72,540.99
2014-10-16,THOM.NS,6.869704521181915,28.09,221.06
2024-06-20,KAMT.NS,6.856030439784089,113.01,887.81
2013-05-24,IMCL.NS,6.848623853211009,13.08,102.66
2019-10-11,VSTI.NS,6.534411172622043,158.96,1197.67
2016-01-27,HEGL.NS,6.354368932038835,8.24,60.6
2024-08-06,TAJG.NS,6.328409390662094,113.73,833.46
2016-05-12,WSTC.NS,6.177526788300029,34.53,247.84
2005-05-12,BRIT.NS,5.7648911798396325,34.92,236.23
2011-08-23,MDRD.BO,5.761627906976745,6.88,46.52
2023-10-10,HEGL.NS,5.5812740252608455,109.26,719.07
2020-05-08,WSTC.NS,5.471345514950167,48.16,311.66
2014-12-04,WIPR.NS,5.326749167063303,42.02,265.85
2010-12-10,GENS.NS,4.6812877829326585,213.39,1212.33
2025-05-14,GENS.NS,4.603118808717326,312.94,1753.44
2019-11-06,SEAM.NS,4.5055753262158955,379.35,2088.54
2015-06-29,SEAM.NS,4.42757488715634,48.74,264.54
2009-03-13,NALU.NS,4.354920100925147,23.78,127.34
2018-02-05,OSGL.NS,4.288416075650118,16.92,89.48
2012-03-13,TAJG.NS,4.275262789067975,71.35,376.39
2025-12-05,GENS.NS,4.25591963645061,83.62,439.5
2014-11-13,AEGS.NS,4.244335578689529,32.66,171.28
2020-07-08,KAMT.NS,4.2318181818181815,35.2,184.16
2006-11-29,MDRD.BO,4.2176100628930815,7.95,41.48
2015-04-10,GENS.NS,4.213106635853417,60.58,315.81
2007-12-06,JKIN.NS,4.194616977225673,19.32,100.36
2005-08-31,OSGL.NS,4.187441860465117,21.5,111.53
2009-04-01,WSTC.NS,4.175652173913043,5.75,29.76
2005-10-06,MDRD.BO,4.170603674540683,11.43,59.1
2022-11-28,OSGL.NS,4.163796133567662,28.45,146.91
2016-07-11,BOB.NS,4.15014400485069,131.94,679.51
2014-03-06,HEGL.NS,4.149136577708005,6.37,32.8
2006-08-10,CEMI.NS,4.143296432964329,32.52,167.26
2023-04-13,HEGL.NS,4.13686819143993,193.69,994.96
2021-11-02,THOM.NS,4.131788356833729,71.63,367.59
2006-01-30,KAMT.NS,4.121733901825736,182.94,936.97
2020-06-17,TAJG.NS,4.118913547532295,30.19,154.54
2025-05-12,ASHT.NS,4.111064834096903,72.03,368.15
2020-04-16,CHPC.NS,4.107435011816033,55.01,280.96
2025-01-29,THOM.NS,4.106975184439973,29.82,152.29
2021-03-31,XPRO.NS,4.092508143322475,46.05,234.51
2007-06-15,AEGS.NS,4.075757575757575,5.94,30.15
2009-08-21,VENK.NS,4.073729863692689,16.14,81.89
2009-09-15,BOB.NS,4.069106283714827,68.59,347.69
2005-09-23,CHPC.NS,4.067268491555037,137.36,696.04
2006-08-29,TANE.BO,4.063600269683122,133.49,675.94
2012-12-03,THOM.NS,4.054411764705883,20.4,103.11
2012-01-16,JAAO.NS,4.052616769836804,35.54,179.57
2014-07-21,AEGS.NS,4.041015625,5.12,25.81
2023-12-13,TANE.BO,4.039732508092341,281.13,1416.82
2014-09-26,IMCL.NS,4.037735849056604,7.42,37.38
2007-09-10,CHPC.NS,4.034262584801322,175.41,883.06
2022-11-23,TAJG.NS,4.034212996766454,191.74,965.26
2008-10-16,OSGL.NS,4.033250207813799,12.03,60.55
2024-08-23,VSTI.NS,4.028941104977972,394.94,1986.13
2014-06-12,BRIT.NS,4.0277436008781455,414.51,2084.05
2006-04-28,CHPC.NS,4.024762982878166,141.34,710.2
2009-11-11,TAJG.NS,4.020263497064299,139.66,701.13
2013-02-20,CHPC.NS,4.016633064516129,19.84,99.53
2006-09-04,WSTC.NS,4.010261194029851,10.72,53.71
2014-11-12,GICH.NS,4.010097610232244,29.71,148.85
2016-06-14,VSTI.NS,4.009977324263039,22.05,110.47
2005-09-08,WRRN.BO,4.0097481722177095,12.31,61.67
2006-02-20,TAJG.NS,4.001769813616503,180.81,904.37
2006-03-06,BOB.NS,3.997284453496266,29.46,147.22
2025-12-31,JAAO.NS,3.9937620674290804,201.99,1008.69
2008-12-31,GICH.NS,3.9931756141947226,21.98,109.75
2018-07-06,ARTI.NS,3.9909977183157013,241.05,1203.08
2008-02-25,BRIT.NS,3.9900534168355133,108.58,541.82
2023-02-24,GENS.NS,3.989392577372543,389.35,1942.62
2022-09-14,TAJG.NS,3.989133387666395,36.81,183.65
2009-01-02,HEGL.NS,3.9890322580645163,15.5,77.33
2017-01-10,WHEL.NS,3.9835334539539824,547.17,2726.84
2012-06-19,NALU.NS,3.9817115251897865,28.98,144.37
2015-08-26,GICH.NS,3.981005979599016,28.43,141.61
2011-12-01,BOB.NS,3.980185064024676,106.99,532.83
2024-04-18,KAMT.NS,3.9772880215343207,59.44,295.85
2009-05-29,ASHT.NS,3.976540681437349,53.71,267.29
2005-09-16,JKIN.NS,3.9739432541980317,17.27,85.9
2017-10-05,TVEL.NS,3.973807924781733,59.56,296.24
2010-01-07,CEMI.NS,3.9733196511031306,19.49,96.93
2023-11-02,XPRO.NS,3.97150088028169,999.68,4969.91
2024-08-30,CEMI.NS,3.9711936407227117,548.49,2726.65
2018-03-20,SEAM.NS,3.96967556111081,184.01,914.47
2016-03-21,CEMI.NS,3.9691876750700272,21.42,106.44
2023-12-07,GENS.NS,3.9685571903179877,84.28,418.75
2020-07-08,SEAM.NS,3.9683998694658973,367.72,1826.98
2007-02-23,VSTI.NS,3.964817320703654,14.78,73.38
2018-06-18,BOB.NS,3.961453256535224,22.57,111.98
2005-07-07,BRIT.NS,3.96029243119266,69.76,346.03
2006-06-23,KAMT.NS,3.96007393715342,135.25,670.85
2014-11-25,NALU.NS,3.95771144278607,32.16,159.44
2007-05-17,VSTI.NS,3.9563862928348907,16.05,79.55
2026-05-11,WSTC.NS,3.9559289669658195,523.7,2595.42
2007-07-09,BOB.NS,3.9498793889037787,37.31,184.68
2013-03-12,ARTI.NS,3.949404761904762,3.36,16.63
2024-07-16,IMCL.NS,3.9472505091649692,49.1,242.91
2007-11-20,MDRD.BO,3.946864310148232,87.7,433.84
2015-10-21,WSTC.NS,3.9433863358378476,57.23,282.91
2013-11-06,XPRO.NS,3.9431818181818175,3.52,17.4
2012-04-05,ASHT.NS,3.94203332335628,100.23,495.34
2009-12-24,SEAM.NS,3.9418155480444224,41.42,204.69
2017-01-05,IMCL.NS,3.938492964139809,44.06,217.59
2025-04-29,CHPC.NS,3.9371308358281407,123.59,610.18
2025-06-17,SEAM.NS,3.93679052674561,857.15,4231.57
2006-06-22,ARTI.NS,3.9341563786008225,4.86,23.98
2020-12-11,TANE.BO,3.9328880407124682,31.44,155.09
2021-01-04,JKIN.NS,3.931451612903225,14.88,73.38
2012-05-21,NALU.NS,3.9284239504473506,29.06,143.22
2006-11-03,SEAM.NS,3.9278110639288,171.91,847.14
2005-05-11,WRRN.BO,3.9277486910994766,9.55,47.06
2016-12-30,AEGS.NS,3.9276788770968842,116.84,575.75
2009-08-04,WSTC.NS,3.9237983587338805,8.53,42.0
2022-02-15,GENS.NS,3.9229313142239057,73.96,364.1
2026-05-25,BRIT.NS,3.922607771565864,1082.15,5327.0
2008-07-02,GICH.NS,3.921996879875195,6.41,31.55
2005-11-28,KAMT.NS,3.9209310142004874,119.01,585.64
2015-12-31,ARTI.NS,3.919153398798742,104.89,515.97
2012-11-27,NALU.NS,3.9185667752443,21.49,105.7
2010-01-19,TAJG.NS,3.91675749318801,146.8,721.78
2016-01-05,IMCL.NS,3.9159891598915992,11.07,54.42
2014-06-26,ARTI.NS,3.915510718789407,7.93,38.98
2005-07-18,MDRD.BO,3.914529914529915,7.02,34.5
2022-07-05,OSGL.NS,3.9142857142857146,22.4,110.08
2017-02-10,GENS.NS,3.9138250820373806,140.18,688.82
2012-12-12,OSGL.NS,3.912624699002408,29.07,142.81
2015-12-10,WRRN.BO,3.912099276111685,29.01,142.5
2023-09-18,WIPR.NS,3.9109947643979055,206.28,1013.04
2019-01-14,IMCL.NS,3.9105440269209204,35.66,175.11
2005-05-13,HEGL.NS,3.909356725146199,3.42,16.79
2021-10-12,TANE.BO,3.9089800893945554,73.83,362.43
2024-04-05,GICH.NS,3.9080887756601825,204.11,1001.79
2007-05-11,GICH.NS,3.9041614123581336,23.79,116.67
2025-11-11,KAMT.NS,3.9036858271171564,227.9,1117.55
2009-06-10,BOB.NS,3.900390625,61.44,301.08
2020-07-17,NALU.NS,3.900198807157058,25.15,123.24
2007-06-13,SEAM.NS,3.8967213114754093,36.6,179.22
2013-06-04,NALU.NS,3.894387447193723,16.57,81.1
2015-06-11,GENS.NS,3.8930623973727423,48.72,238.39
2018-01-01,AEGS.NS,3.8929345140815634,263.11,1287.38
2024-05-17,OSGL.NS,3.8923547400611618,32.7,159.98
2019-04-12,GENS.NS,3.8915741959751733,106.34,520.17
2024-05-13,TVEL.NS,3.88974144045393,310.18,1516.7
2009-10-22,WRRN.BO,3.885907436297451,96.15,469.78
2020-04-08,OSGL.NS,3.8845208845208843,8.14,39.76
2022-06-29,TAJG.NS,3.88336306868867,134.52,656.91
2024-04-22,BRIT.NS,3.882518340364631,4548.71,22209.16
2012-06-06,HLVL.NS,3.8811410459587963,6.31,30.8
2018-08-21,BRIT.NS,3.877250803858521,622.0,3033.65
2019-02-27,NALU.NS,3.873393316195372,31.12,151.66
2018-09-21,THOM.NS,3.871623951269969,87.01,423.88
2006-10-11,WRRN.BO,3.8711263090403927,46.79,227.92
2007-01-25,WHEL.NS,3.8706911335962957,58.31,284.01
2008-05-20,VENK.NS,3.8688012946480175,86.51,421.2
2021-12-06,THOM.NS,3.8685669041963573,12.63,61.49
2010-06-15,JAAO.NS,3.865384615384616,31.72,154.33
2016-12-06,THOM.NS,3.8651335311572703,67.4,327.91
2019-08-14,IMCL.NS,3.864941621962764,31.69,154.17
2017-10-10,CEMI.NS,3.8634762184380502,34.06,165.65
2023-04-24,IMCL.NS,3.862187769164513,81.27,395.15
2023-01-11,WRRN.BO,3.8617478510028658,69.8,339.35
2016-06-09,BRIT.NS,3.8593617279456387,247.23,1201.38
2014-10-30,JKIN.NS,3.8585893854748603,85.92,417.45
2020-04-30,WRRN.BO,3.858409090909091,44.0,213.77
2022-07-26,WIPR.NS,3.858161525344908,193.53,940.2
2007-10-23,WHEL.NS,3.8580310880829014,9.65,46.88
2008-09-08,BRIT.NS,3.855678446182898,111.21,540.0
2015-07-09,BOB.NS,3.8548026805658973,26.86,130.4
2022-04-05,AEGS.NS,3.853088561241207,207.54,1007.21
2007-02-13,NALU.NS,3.8519885198851993,24.39,118.34
2017-01-13,NALU.NS,3.851720047449585,8.43,40.9
2014-04-02,JKIN.NS,3.8506008444300095,30.79,149.35
2020-09-11,ASHT.NS,3.84943231441048,57.25,277.63
2007-05-22,VENK.NS,3.8488120950323967,13.89,67.35
2016-05-24,CEMI.NS,3.8483333333333336,24.0,116.36
2009-01-14,BRIT.NS,3.8468894804298532,101.43,491.62
2014-12-22,GICH.NS,3.844627401308845,142.11,688.47
2010-02-08,WIPR.NS,3.8425925925925926,51.84,251.04
2017-02-07,KAMT.NS,3.8422907488986784,34.05,164.88
2024-10-17,VENK.NS,3.8401660639865955,1886.02,9128.65
2022-03-09,KAMT.NS,3.839929328621908,56.6,273.94
2012-12-18,OSGL.NS,3.836612789880534,28.46,137.65
2011-07-14,SEAM.NS,3.8351036924633286,19.77,95.59
2013-12-13,TANE.BO,3.8326384752829066,16.79,81.14
2008-08-27,XPRO.NS,3.8322147651006713,2.98,14.4
2024-02-14,ASHT.NS,3.8321584424303454,29.79,143.95
2013-03-07,XPRO.NS,3.830171217029153,21.61,104.38
2009-05-08,TAJG.NS,3.8289353958143764,10.99,53.07
2019-08-20,IMCL.NS,3.828101188661993,32.81,158.41
2012-04-04,THOM.NS,3.8280542986425337,4.42,21.34
2013-09-06,BOB.NS,3.827637078927957,81.34,392.68
2015-05-07,WIPR.NS,3.8272009029345373,88.6,427.69
2020-03-13,WHEL.NS,3.8269658665909203,422.46,2039.2
2018-07-27,BOB.NS,3.8266521301576653,119.24,575.53
2017-03-30,BOB.NS,3.8263926446727963,147.92,713.92
2024-03-05,WRRN.BO,3.8259541984732826,45.85,221.27
2020-03-02,WRRN.BO,3.8251732101616636,43.3,208.93
2006-11-20,MDRD.BO,3.8245614035087723,1.71,8.25
2012-12-28,VENK.NS,3.8233884326648573,283.73,1368.54
2023-10-25,ARTI.NS,3.8216198842939786,93.34,450.05
2011-02-17,ASHT.NS,3.821481325174087,47.39,228.49
2016-09-22,BOB.NS,3.8210105623751067,140.12,675.52
2021-08-26,JAAO.NS,3.8206736353077817,43.05,207.53
2020-04-15,VSTI.NS,3.8192073911986384,205.65,991.07
2018-07-13,ARTI.NS,3.818059815950921,52.16,251.31
2014-07-01,XPRO.NS,3.8178153970173323,24.81,119.53
2008-10-15,VENK.NS,3.8172502134927404,11.71,56.41
2007-12-11,MDRD.BO,3.817169373549884,86.2,415.24
2014-01-21,SEAM.NS,3.8170295257977926,67.06,323.03
2011-09-14,KAMT.NS,3.815593929879644,95.55,460.13
2015-07-28,HLVL.NS,3.814354066985646,20.9,100.62
2006-05-09,GENS.NS,3.8133514986376023,7.34,35.33
2020-08-28,KAMT.NS,3.813105413105413,35.1,168.94
2010-09-21,MDRD.BO,3.812945838837516,37.85,182.17
2018-12-13,XPRO.NS,3.812823576264436,25.11,120.85
2016-12-15,ARTI.NS,3.8121554481725983,146.93,707.05
2014-03-22,WRRN.BO,3.8116693679092384,185.1,890.64
2009-04-08,WIPR.NS,3.8115671641791042,21.44,103.16
2015-02-25,OSGL.NS,3.811375993308239,23.91,115.04
2018-04-02,OSGL.NS,3.8108660130718954,24.48,117.77
2016-03-02,VENK.NS,3.810042371203422,252.53,1214.68
2023-04-18,HEGL.NS,3.808962503810588,196.82,946.5
2023-05-03,CEMI.NS,3.8066568771414593,122.58,589.2
2016-09-29,ASHT.NS,3.806503251625813,99.95,480.41
2019-05-22,GENS.NS,3.8062360801781727,17.96,86.32
2008-02-06,ASHT.NS,3.803650963945512,615.18,2955.11
2011-03-17,OSGL.NS,3.803492737065448,61.27,294.31
2009-02-25,TANE.BO,3.8024404416037187,17.21,82.65
2022-11-04,IMCL.NS,3.802248486595561,69.38,333.18
2007-08-01,IMCL.NS,3.8014142604596355,16.97,81.48
2010-09-09,WRRN.BO,3.799106169609767,91.74,440.27
2012-08-21,BOB.NS,3.7987481945113144,20.77,99.67
2015-02-04,HLVL.NS,3.798260869565217,23.0,110.36
2019-05-02,GENS.NS,3.7961316140506893,89.96,431.46
2012-06-27,TAJG.NS,3.7951202630212846,57.79,277.11
2024-06-05,VENK.NS,3.7940278988666076,367.04,1759.6
2024-06-05,KAMT.NS,3.787732848705134,220.1,1053.78
2018-06-11,THOM.NS,3.785788705980412,95.98,459.34
2009-03-25,HEGL.NS,3.7856071964017994,13.34,63.84
2009-04-17,CEMI.NS,3.784688995215311,2.09,10.0
2006-09-29,VENK.NS,3.7816370106761568,70.25,335.91
2012-10-05,SEAM.NS,3.7809675704412555,18.81,89.93
2024-01-04,BOB.NS,3.7799602736702713,45.31,216.58
2015-08-20,WRRN.BO,3.778450184501845,135.5,647.48
2020-11-12,ARTI.NS,3.7767847971237805,97.35,465.02
2005-03-23,ASHT.NS,3.776462743790632,59.99,286.54
2024-03-07,XPRO.NS,3.775097917955061,242.55,1158.2
2022-09-23,KAMT.NS,3.7717001055966204,94.7,451.88
2022-10-28,JAAO.NS,3.770644576753818,38.63,184.29
2013-01-31,JKIN.NS,3.769351464435146,19.12,91.19
2009-06-10,CHPC.NS,3.7678037562284405,130.45,621.96
2014-09-04,HEGL.NS,3.7676500508647006,49.15,234.33
2017-12-05,WHEL.NS,3.7668743812241567,171.71,818.52
2025-12-22,THOM.NS,3.765719868797544,143.29,682.88
2021-08-30,WIPR.NS,3.7653336060823017,293.31,1397.72
2018-05-30,ASHT.NS,3.763896848137536,261.75,1246.95
2021-12-15,HEGL.NS,3.7635766223493263,328.69,1565.74
2019-04-04,SEAM.NS,3.762717745853287,432.27,2058.78
2007-03-16,JKIN.NS,3.7621495327102803,21.4,101.91
2006-02-14,MDRD.BO,3.760714285714286,2.8,13.33
2009-07-09,AEGS.NS,3.760330578512397,1.21,5.76
2013-10-29,NALU.NS,3.758897818599311,17.42,82.9
2021-02-11,OSGL.NS,3.7580138277812694,15.91,75.7
2007-07-05,BRIT.NS,3.757257615525332,125.73,598.13
2015-07-27,CEMI.NS,3.7560329195145767,71.69,340.96
2012-07-11,XPRO.NS,3.75516693163752,6.29,29.91
2016-09-26,HEGL.NS,3.7539351108255703,31.13,147.99
2008-05-07,MDRD.BO,3.752976791120081,49.55,235.51
2015-03-04,HLVL.NS,3.7505422993492408,23.05,109.5
2022-02-22,VSTI.NS,3.749850004285592,233.34,1108.33
2007-01-31,KAMT.NS,3.7496832479479973,181.53,862.21
2017-03-17,JKIN.NS,3.7491545998439264,115.33,547.72
2023-09-21,MDRD.BO,3.7440758293838865,4.22,20.02
2016-04-11,NALU.NS,3.7411656723267557,21.79,103.31
2023-06-23,IMCL.NS,3.7393248379163877,89.46,423.98
2010-05-10,ARTI.NS,3.738562091503268,1.53,7.25
2021-02-10,HEGL.NS,3.738267746365488,211.17,1000.58
2005-11-21,KAMT.NS,3.7372142580395193,103.24,489.07
2008-02-14,AEGS.NS,3.735042735042735,2.34,11.08
2007-02-01,NALU.NS,3.7336261980830674,25.04,118.53
2019-04-26,HLVL.NS,3.7333333333333334,2.25,10.65
2018-11-01,CEMI.NS,3.7308662741799825,23.78,112.5
2013-07-29,WIPR.NS,3.7305773342836783,14.03,66.37
2009-12-15,XPRO.NS,3.7299824663939223,17.11,80.93
2024-12-19,ASHT.NS,3.729662943560344,202.34,957.0
2022-06-17,HLVL.NS,3.7292134831460677,8.9,42.09
2016-09-12,NALU.NS,3.728550829127613,27.74,131.17
2016-01-11,JAAO.NS,3.7279635258358663,59.22,279.99
2022-11-18,GICH.NS,3.7277094402794964,137.39,649.54
2017-09-04,CEMI.NS,3.7266931767973235,158.43,748.85
2005-05-27,NALU.NS,3.720234222511386,15.37,72.55
2021-05-31,VENK.NS,3.7200449873418817,2302.87,10869.65
2022-02-22,NALU.NS,3.718934911242603,20.28,95.7
2017-09-06,AEGS.NS,3.718594748048261,169.08,797.82
2018-06-22,WIPR.NS,3.718581081081081,88.8,419.01
2007-02-12,TAJG.NS,3.7185541889069382,172.36,813.29
2022-02-28,TVEL.NS,3.718255728011826,202.95,957.57
2021-01-13,AEGS.NS,3.717617968267051,242.65,1144.73
2016-02-02,CEMI.NS,3.7149321266968327,97.24,458.48
2016-07-19,XPRO.NS,3.7146111291897164,30.73,144.88
2005-08-17,CEMI.NS,3.7144329896907218,29.1,137.19
2021-12-28,ASHT.NS,3.7139167862266858,69.7,328.56
2020-11-25,THOM.NS,3.713049925852694,40.46,190.69
2018-04-11,TAJG.NS,3.713008227018004,167.74,790.56
2017-10-06,JKIN.NS,3.7092711283350717,134.18,631.89
2020-04-23,AEGS.NS,3.7080753438049925,153.43,722.36
2018-11-30,WRRN.BO,3.7068776628119293,82.15,386.67
2016-01-15,XPRO.NS,3.706430026185627,34.37,161.76
2016-05-18,NALU.NS,3.706429780033841,23.64,111.26
2015-07-21,WSTC.NS,3.70583038869258,11.32,53.27
2005-09-02,BRIT.NS,3.7050320017656144,90.62,426.37
2005-08-23,GENS.NS,3.702265372168285,9.27,43.59
2019-03-25,TAJG.NS,3.70143853146236,226.62,1065.44
2026-06-16,TVEL.NS,3.700928855772175,97.97,460.55
2016-08-19,HLVL.NS,3.7005747126436788,17.4,81.79
2005-10-07,ASHT.NS,3.696990677777503,404.41,1899.51
2019-08-08,WRRN.BO,3.6968876860622464,36.95,173.55
2016-08-22,XPRO.NS,3.696612665684831,6.79,31.89
2020-04-30,IMCL.NS,3.6958400864397616,37.02,173.84
2019-10-04,JKIN.NS,3.6952380952380963,65.1,305.66
2025-09-11,IMCL.NS,3.695177324825476,499.93,2347.26
2019-12-19,HEGL.NS,3.695015239406155,203.42,955.06
2017-08-10,TAJG.NS,3.693914081145584,33.52,157.34
2017-12-04,WSTC.NS,3.69271906584241,203.82,956.47
2017-11-02,OSGL.NS,3.6907378335949765,6.37,29.88
2010-04-28,SEAM.NS,3.6901319594132795,190.21,892.11
2013-07-29,VENK.NS,3.689544688026981,59.3,278.09
2006-12-15,VSTI.NS,3.6894586894586903,3.51,16.46
2024-11-26,JAAO.NS,3.6883860908662385,275.79,1293.01
2006-03-09,VSTI.NS,3.687817258883249,19.7,92.35
2025-08-08,ASHT.NS,3.6811709683007106,288.65,1351.22
2023-02-08,OSGL.NS,3.680656934306569,5.48,25.65
2005-01-11,GENS.NS,3.6800433839479387,9.22,43.15
2014-05-07,WSTC.NS,3.6800422386483627,9.47,44.32
2017-12-21,ASHT.NS,3.6793462109955417,168.25,787.3
2017-01-05,KAMT.NS,3.678595317725752,29.9,139.89
2016-12-06,TVEL.NS,3.678313888726037,170.57,797.98
2007-05-15,WSTC.NS,3.677597787435796,50.62,236.78
2009-12-15,TANE.BO,3.677069199457259,7.37,34.47
2011-01-24,VSTI.NS,3.676032110091743,34.88,163.1
2008-03-12,BOB.NS,3.675550405561993,8.63,40.35
2020-02-14,SEAM.NS,3.675084059562204,437.19,2043.9
2015-10-01,KAMT.NS,3.674545454545455,55.0,257.1
2007-09-06,ASHT.NS,3.6724565756823813,145.08,677.88
2009-02-03,TANE.BO,3.6723756906077343,18.1,84.57
2024-07-24,VENK.NS,3.671004582996349,408.03,1905.91
2011-08-12,XPRO.NS,3.6704888352444174,33.14,154.78
2017-07-06,XPRO.NS,3.6698240866035183,7.39,34.51
2011-07-13,THOM.NS,3.669549104385422,16.19,75.6
2009-09-25,JAAO.NS,3.667484232655922,28.54,133.21
2007-08-08,XPRO.NS,3.6659154929577458,17.75,82.82
2025-03-27,VENK.NS,3.665836547703754,1602.18,7475.51
2011-09-08,OSGL.NS,3.6651263093037585,64.92,302.86
2022-02-03,CHPC.NS,3.664780763790665,21.21,98.94
2019-11-27,WIPR.NS,3.663457129756992,109.05,508.55
2026-04-06,TVEL.NS,3.6634477146344775,368.65,1719.18
2019-11-25,JKIN.NS,3.6630503144654085,63.6,296.57
2019-01-25,BRIT.NS,3.663005632090619,2846.19,13271.8
2009-09-22,JAAO.NS,3.6621621621621623,5.92,27.6
2009-11-16,VSTI.NS,3.661818181818182,5.5,25.64
2014-11-03,WSTC.NS,3.6610911987256074,50.22,234.08
2024-05-29,JKIN.NS,3.660754855258336,409.35,1907.88
2025-06-17,XPRO.NS,3.6592818945760115,261.8,1219.8
2008-02-22,OSGL.NS,3.657289573565528,44.79,208.6
2011-06-13,SEAM.NS,3.656782402415355,92.74,431.87
2017-01-04,THOM.NS,3.6554878048780486,65.6,305.4
2012-07-18,VSTI.NS,3.655430711610487,96.12,447.48
2010-05-05,AEGS.NS,3.6550976138828633,13.83,64.38
2024-02-22,WRRN.BO,3.655038759689922,10.32,48.04
2023-10-20,OSGL.NS,3.6513605442176873,5.88,27.35
2009-11-04,AEGS.NS,3.6506849315068495,1.46,6.79
2024-05-08,GENS.NS,3.650533147890589,539.25,2507.8
2019-09-13,WSTC.NS,3.649327316787833,239.34,1112.77
2011-09-06,HLVL.NS,3.648831168831169,38.5,178.98
2016-04-21,CHPC.NS,3.647972601064155,163.51,759.99
2007-11-13,THOM.NS,3.6474435196195003,16.82,78.17
2017-08-28,XPRO.NS,3.6463414634146343,30.34,140.97
2017-02-28,IMCL.NS,3.6460637605725434,46.11,214.23
2005-03-07,TAJG.NS,3.645753899480069,57.7,268.06
2011-12-08,OSGL.NS,3.644628099173554,56.87,264.14
2016-09-23,SEAM.NS,3.64436248682824,18.98,88.15
2012-03-06,HLVL.NS,3.6442953020134228,7.45,34.6
2018-12-20,OSGL.NS,3.6439699942296606,17.33,80.48
2009-07-28,SEAM.NS,3.6434639627295144,36.49,169.44
2012-05-21,WRRN.BO,3.643058874646969,46.03,213.72
2008-01-07,NALU.NS,3.64188137644821,57.83,268.44
2022-09-05,CEMI.NS,3.6416803953871497,24.28,112.7
2005-02-17,TAJG.NS,3.6413994169096204,61.74,286.56
2025-10-07,IMCL.NS,3.6398452206651326,478.1,2218.31
2009-09-25,BRIT.NS,3.6392542974739737,123.91,574.85
2013-09-13,ASHT.NS,3.638544419597479,98.38,456.34
2006-06-13,GICH.NS,3.6384309266628767,17.59,81.59
2022-07-19,WRRN.BO,3.637234770704997,14.61,67.75
2014-07-15,JAAO.NS,3.636311349693252,52.16,241.83
2010-12-20,VSTI.NS,3.6360874848116644,32.92,152.62
2013-08-12,AEGS.NS,3.63594470046083,2.17,10.06
2016-02-04,OSGL.NS,3.6358208955223876,6.7,31.06
2024-06-20,ASHT.NS,3.6319519780140306,138.27,640.46
2021-03-31,OSGL.NS,3.631147540983606,3.66,16.95
2009-01-02,THOM.NS,3.6296851574212896,13.34,61.76
2011-11-03,HLVL.NS,3.628125,38.4,177.72
2008-02-15,HEGL.NS,3.6271585557299844,38.22,176.85
2006-08-24,XPRO.NS,3.6268656716417906,15.41,71.3
2008-03-14,TANE.BO,3.6261378413524055,123.04,569.2
2010-08-17,WRRN.BO,3.625922023182298,85.41,395.1
2021-06-10,ASHT.NS,3.625305688463583,94.05,435.01
2022-06-01,BOB.NS,3.6252758740852595,86.09,398.19
2020-07-01,BRIT.NS,3.6251341449876033,3242.76,14998.2
2020-01-28,XPRO.NS,3.6250803858520904,15.55,71.92
2016-11-18,GICH.NS,3.6245981830887484,214.65,992.67
2019-10-31,VSTI.NS,3.624390070164192,280.77,1298.39
2020-12-30,AEGS.NS,3.6224217944310757,232.72,1075.73
2012-03-01,WRRN.BO,3.6221959858323496,203.28,939.6
2016-07-07,NALU.NS,3.621852152721365,24.62,113.79
2022-02-04,HEGL.NS,3.6217433258282403,62.18,287.38
2012-01-27,ASHT.NS,3.6186998683107863,167.06,771.6
2011-02-16,SEAM.NS,3.6179981634527083,108.9,502.9
2021-05-24,TVEL.NS,3.6172547929980547,143.96,664.7
2020-03-17,NALU.NS,3.617145421903052,22.28,102.87
2016-12-05,TANE.BO,3.6161172161172157,40.95,189.03
2008-06-04,WRRN.BO,3.615296803652968,8.76,40.43
2011-08-11,BOB.NS,3.6147634646149154,131.27,605.78
2020-10-19,XPRO.NS,3.614649681528662,3.14,14.49
2005-09-15,BOB.NS,3.6139018691588776,34.24,157.98
2009-09-03,WSTC.NS,3.613314447592068,49.42,227.99
2019-08-28,HLVL.NS,3.612413793103448,7.25,33.44
2021-06-16,GICH.NS,3.61100569259962,26.35,121.5
2014-11-14,WRRN.BO,3.6109365910413027,171.9,792.62
2024-05-28,TAJG.NS,3.610283865930511,358.62,1653.34
2025-01-31,NALU.NS,3.6088326332080483,180.92,833.83
2014-09-12,JAAO.NS,3.607279400519957,65.39,301.27
2012-02-01,KAMT.NS,3.6062204724409446,127.0,584.99
2018-05-08,BRIT.NS,3.605073725763382,2411.64,11105.78
2019-07-16,OSGL.NS,3.603174603174603,2.52,11.6
2007-06-06,TVEL.NS,3.6016914191419147,48.48,223.09
2009-11-13,GICH.NS,3.601653183257122,56.86,261.65
2011-02-21,TAJG.NS,3.6013251783893985,98.1,451.39
2020-05-13,TANE.BO,3.599887133182845,17.72,81.51
2019-01-07,MDRD.BO,3.5986394557823127,4.41,20.28
2013-07-23,TVEL.NS,3.595988538681948,3.49,16.04
2023-12-27,NALU.NS,3.5958983246678216,103.86,477.33
2008-09-18,NALU.NS,3.5950054288816498,9.21,42.32
2010-09-23,VENK.NS,3.5942132687509183,545.04,2504.03
2018-02-07,TVEL.NS,3.5939361635417324,318.94,1465.19
2006-11-13,HLVL.NS,3.593398349587397,13.33,61.23
2016-11-18,VSTI.NS,3.5913886512688906,35.07,161.02
2022-10-24,SEAM.NS,3.5906985801491818,1181.11,5422.12
2020-09-29,ARTI.NS,3.5901708500316394,94.82,435.24
2019-07-24,ASHT.NS,3.5895746455379474,119.9,550.29
2018-12-12,JAAO.NS,3.5891261764846396,209.31,960.55
2010-10-14,WRRN.BO,3.586935166994106,20.36,93.39
2005-01-06,XPRO.NS,3.586021505376343,3.72,17.06
2007-02-28,MDRD.BO,3.585365853658536,2.46,11.28
2018-12-26,JAAO.NS,3.583951155691234,45.86,210.22
2018-12-18,TVEL.NS,3.583898173539607,193.27,885.93
2025-04-24,OSGL.NS,3.5824634655532357,9.58,43.9
2023-01-12,GENS.NS,3.5819397993311037,92.69,424.7
2021-04-05,OSGL.NS,3.5815923207227556,17.71,81.14
2023-11-03,BOB.NS,3.576771004942339,182.1,833.43
2022-09-05,TANE.BO,3.576650943396227,25.44,116.43
2014-12-19,GICH.NS,3.575338055376691,31.06,142.11
2024-05-17,ASHT.NS,3.574506283662478,139.25,637.0
2020-07-22,ASHT.NS,3.5718206770356815,54.65,249.85
2016-09-28,AEGS.NS,3.571798718123551,146.66,670.5
2020-10-28,BRIT.NS,3.57078292114645,712.46,3256.5
2016-04-29,JAAO.NS,3.5705568268497334,13.11,59.92
2008-02-20,HLVL.NS,3.5702950152594104,49.15,224.63
2021-02-03,AEGS.NS,3.5698900178863644,262.77,1200.83
2014-12-29,VSTI.NS,3.569063974178598,120.83,552.08
2008-04-11,TANE.BO,3.568507548251481,104.66,478.14
2013-04-03,WRRN.BO,3.5673607496095787,192.1,877.39
2012-08-01,XPRO.NS,3.566374908825674,27.42,125.21
2005-06-14,WRRN.BO,3.5659701492537312,50.25,229.44
2022-04-28,ASHT.NS,3.5655901350557837,85.15,388.76
2008-02-19,CHPC.NS,3.565560186812635,199.13,909.14
2016-04-20,TAJG.NS,3.565518141477421,76.62,349.81
2013-12-06,NALU.NS,3.5654986522911045,18.55,84.69
2019-01-28,VENK.NS,3.565361468371518,2133.52,9740.29
2009-08-11,NALU.NS,3.565272496831433,7.89,36.02
2014-02-18,BOB.NS,3.5650837034506324,87.81,400.86
2026-01-05,XPRO.NS,3.5646038467425134,980.05,4473.54
2020-06-02,CEMI.NS,3.5643397813288473,35.67,162.81
2020-10-16,VSTI.NS,3.5633808440132553,250.47,1142.99
2012-10-01,HLVL.NS,3.5616260162601625,30.75,140.27
2020-08-19,WIPR.NS,3.5614735226400613,130.3,594.36
2019-03-12,GICH.NS,3.5590329925875688,206.41,941.03
2018-07-09,JAAO.NS,3.558405109842253,206.66,942.04
2007-01-17,BOB.NS,3.5582386363636367,7.04,32.09
2023-05-30,GENS.NS,3.5551485018971603,76.43,348.15
2018-08-27,THOM.NS,3.5532258064516133,86.8,395.22
2013-03-20,AEGS.NS,3.5518672199170123,2.41,10.97
2015-02-27,JKIN.NS,3.5515288788221966,97.13,442.09
2006-10-23,SEAM.NS,3.551442712721146,189.92,864.41
2024-02-27,BOB.NS,3.5492974954184477,245.55,1117.08
2008-08-13,GENS.NS,3.547205831308573,57.62,262.01
2013-08-05,GICH.NS,3.5467730239303847,13.79,62.7
2015-07-09,IMCL.NS,3.546300124018189,48.38,219.95
2006-10-27,JKIN.NS,3.546137339055794,18.64,84.74
2026-02-16,ASHT.NS,3.5456685499058374,63.72,289.65
2019-04-23,GENS.NS,3.5408274956217163,91.36,414.85
2013-11-07,HEGL.NS,3.5407710678949167,29.31,133.09
2007-12-26,ARTI.NS,3.5396825396825395,5.04,22.88
2017-07-31,JAAO.NS,3.5389279548612578,474.98,2155.9
2005-04-06,WSTC.NS,3.5388253843121795,25.37,115.15
2014-06-17,HLVL.NS,3.538655462184874,23.8,108.02
2025-11-10,WIPR.NS,3.538043478260869,51.52,233.8
2013-11-21,WSTC.NS,3.5362853628536293,40.65,184.4
2022-03-31,ASHT.NS,3.533900364520049,82.3,373.14
2016-02-10,IMCL.NS,3.5336244541484714,45.8,207.64
2010-12-29,TANE.BO,3.5334905660377363,42.4,192.22
2013-04-26,WHEL.NS,3.5325322209077887,160.61,727.97
2025-04-29,TAJG.NS,3.532223183391003,92.48,419.14
2012-02-15,HLVL.NS,3.532127955493741,35.95,162.93
2019-08-20,NALU.NS,3.5321229050279337,28.64,129.8
2011-01-04,GICH.NS,3.529711808212191,78.42,355.22
2015-08-11,GENS.NS,3.527978933508888,15.19,68.78
2017-02-16,CEMI.NS,3.527898386365109,154.31,698.7
2015-05-28,MDRD.BO,3.5276923076923072,13.0,58.86
2025-05-06,GICH.NS,3.5276895943562607,170.1,770.16
2020-06-24,OSGL.NS,3.526184538653367,12.03,54.45
2018-06-06,XPRO.NS,3.524399126001456,27.46,124.24
2016-08-24,GICH.NS,3.5230808467227748,235.26,1064.1
2022-06-20,THOM.NS,3.5228595178719866,12.03,54.41
2016-03-31,CEMI.NS,3.5213857998289138,23.38,105.71
2013-06-10,BOB.NS,3.5206025697828975,22.57,102.03
2012-05-04,WIPR.NS,3.518914185639229,57.1,258.03
2006-10-06,BOB.NS,3.5180722891566267,39.01,176.25
2011-02-18,WIPR.NS,3.517838939857289,58.86,265.92
2019-09-18,XPRO.NS,3.5163727959697733,3.97,17.93
2014-04-07,JKIN.NS,3.5157593123209168,6.98,31.52
2016-02-15,HEGL.NS,3.51566265060241,20.75,93.7
2019-01-24,AEGS.NS,3.515168168828314,181.96,821.58
2013-02-07,WIPR.NS,3.515135608048994,57.15,258.04
2023-08-08,MDRD.BO,3.514705882352941,23.12,104.38
2008-04-02,TANE.BO,3.514345991561181,23.7,106.99
2010-01-15,TAJG.NS,3.513125631039954,138.66,625.79
2013-03-19,KAMT.NS,3.513085818624468,16.43,74.15
2024-12-18,KAMT.NS,3.512840619486375,51.01,230.2
2012-08-01,HLVL.NS,3.5109489051094886,6.85,30.9
2019-02-13,BOB.NS,3.5101531480431083,88.15,397.57
2018-05-21,VENK.NS,3.5094223944227263,3164.27,14269.03
2016-11-22,WSTC.NS,3.5084566596194504,104.06,469.15
2014-05-14,AEGS.NS,3.508283631544069,15.09,68.03
2019-01-16,TANE.BO,3.5056338028169014,28.4,127.96
2016-12-29,THOM.NS,3.50418410041841,14.34,64.59
2011-08-19,VENK.NS,3.5037680943142817,268.04,1207.19
2011-09-20,OSGL.NS,3.5,65.96,296.82
2007-08-08,JKIN.NS,3.498587570621469,21.24,95.55
2022-04-05,ASHT.NS,3.498100922409116,18.43,82.9
2009-02-25,WIPR.NS,3.497932663910219,16.93,76.15
2005-06-02,VENK.NS,3.4973516949152543,75.52,339.64
2023-03-24,AEGS.NS,3.496597214951314,382.04,1717.88
2022-04-20,VENK.NS,3.4950691157767446,479.63,2155.97
2026-03-05,ASHT.NS,3.494845735027223,275.5,1238.33
2024-07-16,XPRO.NS,3.494043628981288,1044.26,4692.95
2025-06-16,TANE.BO,3.4930038458391293,366.63,1647.27
2018-10-25,THOM.NS,3.4914529914529915,16.38,73.57
2021-08-23,THOM.NS,3.4907391074263545,56.69,254.58
2015-08-12,MDRD.BO,3.4907352062163772,16.73,75.13
2006-06-05,OSGL.NS,3.489950701554797,26.37,118.4
2021-03-19,WRRN.BO,3.488636363636364,9.68,43.45
2016-11-28,IMCL.NS,3.4876033057851235,43.56,195.48
2012-11-23,ASHT.NS,3.4869764773379233,174.3,782.08
2009-11-26,CEMI.NS,3.4861111111111107,3.6,16.15
2012-07-17,CHPC.NS,3.4859742228961332,92.33,414.19
2025-12-31,TAJG.NS,3.48594386863864,429.35,1926.04
2006-08-10,JKIN.NS,3.4851171627612407,15.79,70.82
2008-08-21,THOM.NS,3.484005563282337,28.76,128.96
2014-02-10,HEGL.NS,3.48259587020649,33.9,151.96
2021-03-24,IMCL.NS,3.4825,52.0,233.09
2019-05-29,MDRD.BO,3.4818181818181815,3.3,14.79
2018-07-16,GENS.NS,3.480959171816405,189.33,848.38
2010-04-21,CHPC.NS,3.4786337955829483,194.7,871.99
2008-06-05,XPRO.NS,3.4770114942528734,3.48,15.58
2023-02-23,JAAO.NS,3.4762589928057555,34.75,155.55
2023-11-22,NALU.NS,3.4760364246345556,83.46,373.57
2011-01-18,TAJG.NS,3.475368797496648,111.85,500.57
2019-06-17,CEMI.NS,3.4749953695128726,107.98,483.21
2026-01-07,WSTC.NS,3.4735562310030392,411.25,1839.75
2013-07-04,HEGL.NS,3.4725755166931638,25.16,112.53
2006-07-04,MDRD.BO,3.4721930745015737,9.53,42.62
2011-01-25,CHPC.NS,3.471897537925889,160.84,719.26
2022-09-14,JKIN.NS,3.471725331794577,34.66,154.99
2009-07-21,SEAM.NS,3.470666755656411,149.83,669.84
2020-06-22,WIPR.NS,3.4706405693950177,22.48,100.5
2012-10-05,THOM.NS,3.4703296703296704,4.55,20.34
2013-07-23,NALU.NS,3.469979296066252,14.49,64.77
2007-04-19,BOB.NS,3.4679386925242417,31.97,142.84
2022-07-13,THOM.NS,3.467844522968198,14.15,63.22
2016-01-08,HLVL.NS,3.4676190476190474,21.0,93.82
2013-09-12,WHEL.NS,3.46626642097129,168.23,751.36
2011-03-21,GENS.NS,3.4644395297404262,171.82,767.08
2020-07-08,JKIN.NS,3.4633175065094193,65.29,291.41
2024-05-13,MDRD.BO,3.4630261660978388,8.79,39.23
2025-04-03,IMCL.NS,3.461816993135357,397.69,1774.42
2017-01-17,KAMT.NS,3.4606918238993707,31.8,141.85
2017-05-09,BOB.NS,3.4605304018383958,161.01,718.19
2024-08-08,XPRO.NS,3.459588494972871,1028.42,4586.33
2014-08-13,HEGL.NS,3.4587993608765117,43.81,195.34
2022-02-09,GENS.NS,3.45634968951662,82.13,366.0
2022-05-20,KAMT.NS,3.4554414784394254,73.05,325.47
2007-11-16,NALU.NS,3.4554358472086184,10.21,45.49
2025-05-12,CHPC.NS,3.4552566164643954,136.78,609.39
2013-02-08,ARTI.NS,3.454794520547946,3.65,16.26
2010-12-20,HLVL.NS,3.454629203132197,43.42,193.42
2021-12-21,CHPC.NS,3.454427848994472,85.03,378.76
2013-11-06,THOM.NS,3.4541249036237467,25.94,115.54
2019-06-06,ARTI.NS,3.453706167189911,375.86,1673.97
2013-09-11,JKIN.NS,3.452476572958501,14.94,66.52
2022-02-04,WSTC.NS,3.451548991354467,55.52,247.15
2005-01-17,GENS.NS,3.449771689497717,8.76,38.98
2008-04-21,ASHT.NS,3.449542372546306,505.87,2250.89
2015-03-17,ASHT.NS,3.4485614646904965,22.94,102.05
2019-10-27,VSTI.NS,3.4454357290700157,280.22,1245.7
2005-09-08,TVEL.NS,3.4447976878612714,69.2,307.58
2006-03-31,TVEL.NS,3.444061962134252,11.62,51.64
2019-09-16,MDRD.BO,3.443935926773456,4.37,19.42
2024-08-08,VENK.NS,3.4439015846385015,2169.58,9641.4
2025-09-29,CHPC.NS,3.443593277845518,754.52,3352.78
2017-09-21,NALU.NS,3.4422880490296217,48.95,217.45
2022-01-25,ARTI.NS,3.4415029283959946,846.88,3761.42
2015-09-04,GICH.NS,3.44105950859253,140.82,625.39
2015-02-09,BOB.NS,3.440709171496761,146.65,651.23
2014-01-01,WHEL.NS,3.4397098821396197,44.12,195.88
2015-10-29,CEMI.NS,3.439296520423601,105.76,469.5
2007-06-06,TANE.BO,3.439132784817729,166.51,739.16
2021-03-10,BRIT.NS,3.4380982607591717,3150.8,13983.56
2019-06-10,NALU.NS,3.437956204379562,34.25,152.0
2014-05-21,VENK.NS,3.435919664788326,69.21,307.01
2019-05-09,VENK.NS,3.435814327623734,422.68,1874.93
2008-02-28,JKIN.NS,3.435729847494553,4.59,20.36
2023-11-02,VSTI.NS,3.434722069546736,272.91,1210.28
2020-10-28,HLVL.NS,3.434408602150538,4.65,20.62
2014-04-04,TVEL.NS,3.4343283582089557,13.4,59.42
2006-10-16,NALU.NS,3.4334470989761092,23.44,103.92
2025-11-06,HEGL.NS,3.4334310850439875,579.7,2570.06
2019-01-04,AEGS.NS,3.433305369127517,190.72,845.52
2018-03-06,HLVL.NS,3.43288409703504,18.55,82.23
2009-05-22,OSGL.NS,3.432713347921225,18.28,81.03
2024-02-12,HEGL.NS,3.4326974889535506,371.16,1645.24
2007-12-19,OSGL.NS,3.432225861800031,64.11,284.15
2008-04-11,THOM.NS,3.4319547543301523,28.29,125.38
2009-08-13,WHEL.NS,3.4311827956989243,9.3,41.21
2012-09-26,KAMT.NS,3.42968473255402,28.23,125.05
2018-01-25,TVEL.NS,3.429492157167262,386.34,1711.29
2014-06-18,BOB.NS,3.4291093311426035,146.07,646.96
2009-06-19,WHEL.NS,3.4287671232876713,36.5,161.65
2017-01-12,IMCL.NS,3.428764652840397,44.36,196.46
2012-11-06,HLVL.NS,3.427470686767169,29.85,132.16
2014-09-03,THOM.NS,3.4270101483216235,51.24,226.84
2007-02-21,HEGL.NS,3.426961226330027,22.18,98.19
2019-08-22,JKIN.NS,3.4267634468639496,53.73,237.85
2010-10-05,SEAM.NS,3.4260997067448677,34.1,150.93
2017-10-24,KAMT.NS,3.4249084249084243,27.3,120.8
2010-01-07,VSTI.NS,3.4248079034028542,27.33,120.93
2012-09-08,TANE.BO,3.4243772241992882,22.48,99.46
2007-05-31,NALU.NS,3.4241552839683678,27.82,123.08
2012-08-09,TAJG.NS,3.423988621997471,63.28,279.95
2011-06-21,MDRD.BO,3.423684210526315,15.2,67.24
2021-04-06,MDRD.BO,3.42230695900858,10.49,46.39
2018-03-23,VSTI.NS,3.4220728236333304,203.78,901.13
2018-07-26,ARTI.NS,3.4217947186043736,251.07,1110.18
2018-11-28,NALU.NS,3.421725239616613,9.39,41.52
2014-10-29,ASHT.NS,3.4214454045561666,127.3,562.85
2017-11-02,HEGL.NS,3.421331578218096,288.68,1276.35
2017-06-08,XPRO.NS,3.4193121693121693,7.56,33.41
2007-11-23,WRRN.BO,3.4192229038854807,9.78,43.22
2011-11-09,TAJG.NS,3.41903093987157,85.65,378.49
2005-12-15,CEMI.NS,3.417344753747323,46.7,206.29
2023-02-09,VENK.NS,3.4166554952297963,1790.28,7907.05
2007-03-26,WIPR.NS,3.416072585871678,46.29,204.42
2026-03-17,CEMI.NS,3.4157328763253547,530.99,2344.71
2020-12-21,CEMI.NS,3.4154505076142136,63.04,278.35
2018-03-16,HEGL.NS,3.4149906454630496,513.12,2265.42
2017-07-12,SEAM.NS,3.414042908888269,35.89,158.42
2023-07-24,OSGL.NS,3.4114035087719294,22.8,100.58
2013-07-31,VENK.NS,3.410989717223651,62.24,274.54
2010-02-02,TANE.BO,3.4106090373280944,40.72,179.6
2022-12-23,NALU.NS,3.410181818181818,13.75,60.64
2008-07-23,HLVL.NS,3.4080687830687832,30.24,133.3
2025-09-09,AEGS.NS,3.407886474946628,159.26,702.0
2016-08-10,XPRO.NS,3.407866212449675,32.29,142.33
2019-10-16,JAAO.NS,3.407705779334501,28.55,125.84
2011-06-15,ARTI.NS,3.406593406593406,1.82,8.02
2024-12-12,BOB.NS,3.404701449750184,244.18,1075.54
2006-02-08,ARTI.NS,3.403409090909091,8.8,38.75
2024-12-23,KAMT.NS,3.4033133153862085,241.45,1063.18
2022-04-25,MDRD.BO,3.403189066059226,8.78,38.66
2014-01-06,JAAO.NS,3.4016620498614962,7.22,31.78
2017-08-30,KAMT.NS,3.399350649350649,15.4,67.75
2013-11-19,CEMI.NS,3.398663697104677,13.47,59.25
2024-12-16,TANE.BO,3.396807793506861,459.87,2021.96
2010-06-02,VENK.NS,3.395610814419225,239.68,1053.54
2012-02-21,NALU.NS,3.395316804407714,7.26,31.91
2007-01-15,AEGS.NS,3.3950617283950617,1.62,7.12
2011-11-01,SEAM.NS,3.3949414427713807,101.61,446.57
2022-11-29,ARTI.NS,3.3945555702742087,150.98,663.49
2016-11-07,THOM.NS,3.392542101042502,74.82,328.65
2019-09-06,KAMT.NS,3.3919129082426123,32.15,141.2
2020-01-02,AEGS.NS,3.3912184412733266,182.2,800.08
2014-04-01,BRIT.NS,3.3908896836618707,360.69,1583.75
2008-06-12,NALU.NS,3.3903139013452916,55.75,244.76
2021-08-16,ARTI.NS,3.389825462394403,806.13,3538.77
2014-07-23,OSGL.NS,3.3885731379000896,33.43,146.71
2020-05-22,ASHT.NS,3.3882946518668016,49.55,217.44
2023-08-28,WIPR.NS,3.3874856486796787,191.62,840.73
2024-05-21,ASHT.NS,3.387299322154834,140.15,614.88
2011-08-24,TVEL.NS,3.386877828054299,4.42,19.39
2010-02-24,KAMT.NS,3.385377358490566,63.6,278.91
2026-02-10,CHPC.NS,3.3830175978459476,207.98,911.58
2018-09-24,AEGS.NS,3.3827530551072176,43.37,190.08
2010-12-24,GICH.NS,3.3810386473429954,16.56,72.55
2015-01-21,TVEL.NS,3.380841724761167,38.73,169.67
2010-01-19,CEMI.NS,3.3806509945750456,22.12,96.9
2012-05-24,AEGS.NS,3.380566801619433,2.47,10.82
2009-04-22,AEGS.NS,3.3802469135802466,4.05,17.74
2022-04-22,NALU.NS,3.377238239757208,98.85,432.69
2014-11-25,OSGL.NS,3.376180836707153,29.64,129.71
2019-08-16,ARTI.NS,3.375016164489849,77.33,338.32
2022-08-08,AEGS.NS,3.374535683237177,253.06,1107.02
2022-03-07,TANE.BO,3.3744689889549706,94.16,411.9
2006-09-21,IMCL.NS,3.373626373626374,19.11,83.58
2006-11-13,OSGL.NS,3.3730610134436407,38.68,169.15
2022-02-08,IMCL.NS,3.3710426340227944,71.07,310.65
2017-12-05,BOB.NS,3.3685904018621216,146.07,638.12
2019-03-20,TAJG.NS,3.3680650684931503,233.6,1020.38
2026-04-22,OSGL.NS,3.3678678678678677,6.66,29.09
2019-01-15,TAJG.NS,3.3662591687041568,40.9,178.58
2023-08-10,HLVL.NS,3.3651567944250873,14.35,62.64
2019-04-04,TANE.BO,3.361878453038674,7.24,31.58
2020-06-01,TANE.BO,3.3610108303249095,5.54,24.16
2020-01-31,CEMI.NS,3.3574561403508776,13.68,59.61
2015-10-05,NALU.NS,3.357330530740935,19.03,82.92
2020-04-01,AEGS.NS,3.3569171483622346,129.75,565.31
2013-07-25,GENS.NS,3.356637068674835,88.97,387.61
2006-02-27,SEAM.NS,3.3548719004012764,97.19,423.25
2012-12-05,JKIN.NS,3.353535353535354,18.81,81.89
2018-09-03,SEAM.NS,3.3532496424598763,62.93,273.95
2013-08-19,WSTC.NS,3.3530267753201395,34.36,149.57
2017-01-16,TVEL.NS,3.350649350649351,41.58,180.9
2019-03-18,WRRN.BO,3.3496392496392495,69.3,301.43
2012-11-26,VSTI.NS,3.349590536851683,109.9,478.02
2026-04-27,SEAM.NS,3.34957046363696,1524.9,6632.66
2024-08-22,BOB.NS,3.349376264329063,237.28,1032.02
2014-08-18,JAAO.NS,3.3484162895927607,46.41,201.81
2014-12-02,XPRO.NS,3.348322889789901,27.13,117.97
2016-10-27,ARTI.NS,3.348175755198117,152.94,665.01
2019-02-13,GENS.NS,3.346745751843539,124.76,542.3
2023-10-03,JKIN.NS,3.3464315824199993,272.81,1185.75
2026-06-01,WSTC.NS,3.345379338175949,495.6,2153.57
2020-02-25,SEAM.NS,3.3440783190066856,418.8,1819.3
2012-02-14,BRIT.NS,3.3439271443174423,215.22,934.9
2007-12-19,WSTC.NS,3.343131631775165,69.74,302.89
2008-09-24,GENS.NS,3.3427072402938096,47.65,206.93
2019-04-01,IMCL.NS,3.3426829268292684,8.2,35.61
2016-09-26,JAAO.NS,3.339889366933005,32.54,141.22
2018-06-06,JAAO.NS,3.337872027232164,217.39,943.01
2021-07-02,IMCL.NS,3.3375228798047587,81.95,355.46
2009-07-29,CHPC.NS,3.3359999999999994,27.5,119.24
2012-01-09,GENS.NS,3.3359987206141053,125.06,542.26
2005-04-20,MDRD.BO,3.333333333333333,1.08,4.68
2026-06-10,WHEL.NS,3.3316009980386143,1498.94,6492.81
2007-04-02,TVEL.NS,3.3307649972482105,36.34,157.38
2008-03-10,KAMT.NS,3.3305386178861784,39.36,170.45
2009-04-27,BOB.NS,3.329490874159462,10.41,45.07
2021-11-03,NALU.NS,3.328954570333881,18.27,79.09
2010-03-04,GENS.NS,3.328927076448558,136.17,589.47
2008-11-05,WSTC.NS,3.3272120200333886,29.95,129.6
2018-01-01,OSGL.NS,3.3260811886442037,37.69,163.05
2013-10-29,BOB.NS,3.325987841945288,92.12,398.51
2014-04-16,TAJG.NS,3.3253618628067967,15.89,68.73
2006-02-02,GENS.NS,3.3245033112582787,1.51,6.53
2015-08-21,IMCL.NS,3.3243135694389174,50.26,217.34
2006-05-03,TAJG.NS,3.3238927525622257,218.56,945.03
2015-10-13,TVEL.NS,3.321105527638191,19.9,85.99
2008-11-11,WIPR.NS,3.3207282913165264,21.42,92.55
2009-12-08,WRRN.BO,3.319240415621641,27.91,120.55
2010-09-24,XPRO.NS,3.3182363527294534,33.34,143.97
2005-03-10,ARTI.NS,3.317910447761194,6.7,28.93
2015-10-06,GENS.NS,3.3179023508137435,55.3,238.78
2005-12-05,WSTC.NS,3.3173581306628517,41.94,181.07
2011-01-27,THOM.NS,3.3161764705882355,4.08,17.61
2018-10-12,HLVL.NS,3.316040955631399,14.65,63.23
2012-07-23,TVEL.NS,3.315822784810126,15.8,68.19
2020-10-19,IMCL.NS,3.3158121499353728,46.42,200.34
2008-01-02,HLVL.NS,3.3156122878384062,71.29,307.66
2025-11-18,ARTI.NS,3.3143182393119153,395.3,1705.45
2009-07-10,IMCL.NS,3.313629702002931,20.47,88.3
2013-09-10,WRRN.BO,3.3133692875390297,35.23,151.96
2009-03-23,KAMT.NS,3.31247392574051,23.97,103.37
2005-11-28,GENS.NS,3.3121693121693125,7.56,32.6
2012-06-04,GICH.NS,3.311094452773613,13.34,57.51
2014-09-23,GICH.NS,3.3082545483435286,125.87,542.28
2006-02-20,CHPC.NS,3.3071955719557193,32.52,140.07
2023-04-06,GENS.NS,3.3064973861090365,334.75,1441.6
2022-08-08,TANE.BO,3.305147798109793,99.46,428.19
2021-04-01,MDRD.BO,3.304865938430983,10.07,43.35
2019-02-08,VENK.NS,3.304725979029418,2237.42,9631.48
2021-09-01,BOB.NS,3.3045425463851563,15.63,67.28
2009-04-06,WRRN.BO,3.304474708171207,10.28,44.25
2013-11-27,JKIN.NS,3.3027600849256897,23.55,101.33
2010-04-13,GENS.NS,3.3015623933956473,146.57,630.48
2013-10-30,JKIN.NS,3.2997977755308385,19.78,85.05
2012-08-10,BRIT.NS,3.2986954565901936,44.46,191.12
2016-12-19,OSGL.NS,3.2968127490039834,25.1,107.85
2005-07-27,ASHT.NS,3.296033348531232,307.06,1319.14
2016-04-22,GICH.NS,3.295383329851682,47.87,205.62
2020-12-03,VSTI.NS,3.2938003426030535,274.37,1178.09
2023-08-17,WRRN.BO,3.2920875420875424,11.88,50.99
2009-12-09,WRRN.BO,3.2917461634176695,120.55,517.37
2012-10-16,GICH.NS,3.2901989683124535,67.85,291.09
2018-05-28,TAJG.NS,3.2889962023536032,213.29,914.8
2009-04-15,AEGS.NS,3.288409703504043,3.71,15.91
2025-10-08,GICH.NS,3.2882607588489936,39.27,168.4
2005-10-10,IMCL.NS,3.287179487179487,5.85,25.08
2009-05-08,WIPR.NS,3.286798179059181,6.59,28.25
2014-07-16,WHEL.NS,3.285653026219064,326.48,1399.18
2007-10-09,VSTI.NS,3.285620052770448,15.16,64.97
2007-03-29,GICH.NS,3.2835477941176467,21.76,93.21
2025-07-09,BRIT.NS,3.2808412293288587,5763.47,24672.5
2013-05-08,BOB.NS,3.27973133148953,25.31,108.32
2015-07-17,NALU.NS,3.279591836734693,4.9,20.97
2009-08-10,TVEL.NS,3.279456855015331,22.83,97.7
2020-07-10,CHPC.NS,3.2792653862330017,71.33,305.24
2016-01-01,HEGL.NS,3.2789473684210533,30.4,130.08
2006-04-18,XPRO.NS,3.278846153846154,4.16,17.8
2016-09-09,GICH.NS,3.2788065843621395,58.32,249.54
2009-08-06,VENK.NS,3.2777977259126274,83.55,357.41
2021-03-09,THOM.NS,3.2777369581190303,13.61,58.22
2009-12-07,WIPR.NS,3.2777020447906526,51.35,219.66
2006-02-01,AEGS.NS,3.277634961439589,11.67,49.92
2025-10-27,THOM.NS,3.27761175824846,163.97,701.4
2012-08-02,BOB.NS,3.2773181993074267,103.96,444.67
2017-10-09,JAAO.NS,3.2764765784114047,98.2,419.95
2014-02-14,AEGS.NS,3.2761538461538464,13.0,55.59
2010-11-09,WHEL.NS,3.2744452397995705,69.85,298.57
2009-11-11,KAMT.NS,3.2717465753424655,58.4,249.47
2011-03-30,AEGS.NS,3.2709090909090905,5.5,23.49
2016-06-28,GICH.NS,3.270374256733124,57.18,244.18
2015-02-28,BOB.NS,3.2688585443457505,150.86,644.0
2009-02-09,THOM.NS,3.2679382379654864,11.01,46.99
2023-12-19,BOB.NS,3.2679237463738087,48.26,205.97
2008-04-30,HLVL.NS,3.263072557762464,49.34,210.34
2025-01-24,JAAO.NS,3.2619825708061008,275.4,1173.75
2005-09-12,IMCL.NS,3.2613200306983883,26.06,111.05
2021-01-27,BOB.NS,3.2608010091453803,63.42,270.22
2022-05-02,JAAO.NS,3.259774685222001,60.36,257.12
2010-08-23,THOM.NS,3.257894736842105,5.7,24.27
2021-01-01,ASHT.NS,3.25635507733692,74.35,316.46
2006-09-27,THOM.NS,3.2556390977443606,2.66,11.32
2020-06-18,BOB.NS,3.254927385892116,38.56,164.07
2011-02-24,JAAO.NS,3.254679523539422,35.26,150.02
2012-01-27,TAJG.NS,3.2536877261341504,71.86,305.67
2006-12-20,CHPC.NS,3.2522130647130654,131.04,557.21
2019-02-11,BRIT.NS,3.250794977558919,2751.65,11696.7
2009-10-28,WRRN.BO,3.2495584988962474,90.6,385.01
2019-05-29,JKIN.NS,3.249213424226534,76.28,324.13
2016-12-02,THOM.NS,3.248880358285348,15.63,66.41
2016-03-15,JAAO.NS,3.2486604485016866,50.39,214.09
2020-08-07,CHPC.NS,3.248255813953488,17.2,73.07
2011-04-21,IMCL.NS,3.244880902632679,23.93,101.58
2018-08-02,THOM.NS,3.244814651368049,90.64,384.75
2005-01-05,WIPR.NS,3.2437653670530384,28.47,120.82
2009-02-27,VENK.NS,3.2430791646430306,41.18,174.73
2024-07-26,WHEL.NS,3.2430730478589425,198.5,842.25
2008-03-12,JKIN.NS,3.242157402311502,18.17,77.08
2014-06-12,IMCL.NS,3.2412243751755128,35.61,151.03
2020-08-28,GENS.NS,3.240909090909091,55.0,233.25
2022-08-03,TVEL.NS,3.240857255210382,50.86,215.69
2016-03-11,JKIN.NS,3.240411731528483,70.92,300.73
2005-10-17,THOM.NS,3.240107913669065,11.12,47.15
2005-02-28,NALU.NS,3.239498090561921,18.33,77.71
2021-05-10,WSTC.NS,3.2387691377921026,198.56,841.65
2018-09-05,HLVL.NS,3.238483965014577,17.15,72.69
2015-04-23,HEGL.NS,3.238290879211175,36.51,154.74
2013-12-30,GENS.NS,3.237577076532463,82.71,350.49
2013-02-01,IMCL.NS,3.23644578313253,26.56,112.52
2020-04-22,MDRD.BO,3.235955056179775,2.67,11.31
2024-03-11,HLVL.NS,3.234931506849315,29.2,123.66
2011-09-12,KAMT.NS,3.2347568208778172,84.3,356.99
2011-10-05,JAAO.NS,3.2342453120196746,32.53,137.74
2011-06-24,WHEL.NS,3.233272455586917,60.23,254.97
2012-08-23,JAAO.NS,3.231801545343636,49.18,208.12
2015-03-10,OSGL.NS,3.231660231660232,5.18,21.92
2012-12-19,WRRN.BO,3.22939913038923,190.89,807.35
2009-12-21,TAJG.NS,3.227732154137713,31.66,133.85
2025-04-02,BOB.NS,3.2275741029641187,51.28,216.79
2021-07-13,OSGL.NS,3.2271838331160367,30.68,129.69
2021-09-27,AEGS.NS,3.226467523445641,230.32,973.44
2005-12-14,MDRD.BO,3.2257761053621827,10.63,44.92
2007-02-20,CEMI.NS,3.225767464346145,41.37,174.82
2021-11-22,BRIT.NS,3.2247295907142135,3363.42,14209.54
2014-02-25,WIPR.NS,3.2226574907358385,94.45,398.83
2022-03-04,TAJG.NS,3.222511884680265,130.42,550.7
2022-07-27,ARTI.NS,3.221093822789528,643.98,2718.3
2011-03-16,THOM.NS,3.2210020590253947,14.57,61.5
2017-02-27,AEGS.NS,3.2205930448054065,183.46,774.31
2009-12-16,KAMT.NS,3.220541401273886,62.8,265.05
2006-02-15,ARTI.NS,3.216814159292036,2.26,9.53
2024-04-19,GENS.NS,3.2159850089620328,613.7,2587.35
2016-12-30,ASHT.NS,3.2153846153846155,101.4,427.44
2010-07-20,SEAM.NS,3.2149987202457133,39.07,164.68
2022-12-29,CEMI.NS,3.2148843446195112,119.32,502.92
2019-05-15,CEMI.NS,3.2144170650974626,108.76,458.36
2010-09-13,IMCL.NS,3.2142857142857144,7.0,29.5
2021-02-11,AEGS.NS,3.2133373116514994,67.03,282.42
2023-05-30,WRRN.BO,3.212993421052631,12.16,51.23
2006-04-04,HLVL.NS,3.2105341246290804,67.4,283.79
2008-03-03,WHEL.NS,3.2093813732155,14.71,61.92
2019-02-04,JKIN.NS,3.208832957378606,84.23,354.51
2010-09-03,CHPC.NS,3.2085549265168414,174.87,735.95
2020-09-21,BOB.NS,3.208322563970018,38.69,162.82
2005-11-23,TANE.BO,3.2081282877990835,117.86,495.97
2016-11-16,TANE.BO,3.2081107333657117,41.18,173.29
2008-05-02,HEGL.NS,3.207467788587956,38.03,160.01
2021-06-09,OSGL.NS,3.207369323050557,23.34,98.2
2013-01-29,TVEL.NS,3.2061855670103094,3.88,16.32
2017-08-07,NALU.NS,3.205731832139202,9.77,41.09
2005-03-22,HEGL.NS,3.2054714784633296,17.18,72.25
2012-06-01,IMCL.NS,3.2049792531120334,24.1,101.34
2023-05-05,JAAO.NS,3.204470545933961,166.87,701.6
2024-04-04,GENS.NS,3.2011599269087148,629.35,2644.0
2022-12-14,KAMT.NS,3.19869331283628,26.02,109.25
2007-07-11,WSTC.NS,3.1968385397064356,53.14,223.02
2008-01-10,WRRN.BO,3.1966019417475726,12.36,51.87
2012-05-16,VSTI.NS,3.1955489614243326,101.1,424.17
2015-09-07,WSTC.NS,3.1938492063492063,50.4,211.37
2009-01-16,HLVL.NS,3.193617021276596,18.8,78.84
2010-06-24,WSTC.NS,3.193365583966828,72.35,303.39
2019-01-23,THOM.NS,3.1927966101694913,18.88,79.16
2023-09-26,KAMT.NS,3.1924630541871926,203.0,851.07
2008-03-19,NALU.NS,3.1902800658978583,12.14,50.87
2017-01-09,TVEL.NS,3.1886991355682053,189.72,794.68
2007-02-26,TAJG.NS,3.188680425265791,159.9,669.77
2020-10-22,GENS.NS,3.1881025641025635,48.75,204.17
2016-02-18,CHPC.NS,3.1879579252811023,137.85,577.31
2007-05-21,GENS.NS,3.1871859296482414,7.96,33.33
2020-08-21,JAAO.NS,3.1851382488479265,86.8,363.27
2019-09-26,TAJG.NS,3.1849833147942155,179.8,752.46
2010-04-26,CEMI.NS,3.182495344506518,5.37,22.46
2019-01-28,HLVL.NS,3.1815476190476195,3.36,14.05
2010-11-22,BRIT.NS,3.179989189838448,166.51,696.01
2023-09-07,OSGL.NS,3.179755671902268,5.73,23.95
2014-05-06,XPRO.NS,3.1787012987012986,19.25,80.44
2012-11-07,WIPR.NS,3.178661985566608,51.27,214.24
2020-03-25,AEGS.NS,3.176765375854214,109.75,458.4
2022-01-05,TVEL.NS,3.174307762142533,44.06,183.92
2014-12-31,HLVL.NS,3.174019607843138,20.4,85.15
2005-11-14,SEAM.NS,3.170264965652601,20.38,84.99
2009-03-02,HEGL.NS,3.169753086419753,3.24,13.51
2013-11-08,IMCL.NS,3.16887417218543,6.04,25.18
2011-12-07,WRRN.BO,3.1668075216564553,189.32,788.86
2020-02-27,HLVL.NS,3.166666666666667,0.96,4.0
2019-02-07,BRIT.NS,3.1665287068846073,2814.83,11728.07
2017-08-18,CEMI.NS,3.1663604687994935,157.85,657.66
2022-02-25,BOB.NS,3.1658169177288524,86.3,359.51
2019-06-06,TANE.BO,3.16571224051539,27.94,116.39
2023-12-29,CEMI.NS,3.1643625192012284,286.44,1192.84
2008-10-07,VENK.NS,3.164132144729942,57.21,238.23
2019-11-25,WIPR.NS,3.163867114594998,26.79,111.55
2008-07-24,GICH.NS,3.16335403726708,32.2,134.06
2007-03-27,HLVL.NS,3.162707390648567,53.04,220.79
2011-08-08,AEGS.NS,3.161645422943221,17.26,71.83
2016-01-04,OSGL.NS,3.1591608391608395,35.75,148.69
2008-06-23,AEGS.NS,3.1574279379157426,9.02,37.5
2018-01-03,ASHT.NS,3.1568580350708624,41.63,173.05
2023-08-04,VENK.NS,3.156362349347093,536.83,2231.26
2019-05-03,TAJG.NS,3.156209211262353,214.52,891.59
2025-01-17,CHPC.NS,3.1548400913763563,140.08,582.01
2007-12-14,WSTC.NS,3.15352449223417,16.74,69.53
2006-05-18,JAAO.NS,3.1531184302733006,28.54,118.53
2023-06-22,TANE.BO,3.1530569388612237,166.67,692.19
2005-10-17,OSGL.NS,3.152854511970535,32.58,135.3
2014-07-07,OSGL.NS,3.1528511087645192,37.88,157.31
2017-02-21,TAJG.NS,3.152836712242653,127.26,528.49
2020-05-18,JKIN.NS,3.149437486733177,47.11,195.48
2014-08-27,CEMI.NS,3.14931650893796,9.51,39.46
2006-09-29,TVEL.NS,3.145391705069125,43.4,179.91
2023-05-05,KAMT.NS,3.145368731563422,169.5,702.64
2015-02-04,GICH.NS,3.138870863075925,46.23,191.34
2022-06-20,CHPC.NS,3.13873117748704,283.57,1173.62
2024-01-19,MDRD.BO,3.138119658119658,29.25,121.04
2024-09-23,IMCL.NS,3.13785591691238,454.46,1880.49
2012-07-06,HEGL.NS,3.1367678626188287,32.61,134.9
2015-07-09,TVEL.NS,3.135278514588859,49.01,202.67
2007-04-18,JKIN.NS,3.135,4.0,16.54
2022-11-25,IMCL.NS,3.1342962874537426,83.77,346.33
2016-07-21,IMCL.NS,3.1309904153354635,43.82,181.02
2021-11-24,WIPR.NS,3.1309355425338454,296.94,1226.64
2025-06-26,GENS.NS,3.1300148704703767,638.85,2638.46
2009-07-20,TAJG.NS,3.1295918367346935,19.6,80.94
2025-08-04,IMCL.NS,3.12880827862468,449.35,1855.28
2022-02-01,TVEL.NS,3.127377179080824,50.48,208.35
2020-02-26,KAMT.NS,3.127272727272727,8.25,34.05
2025-07-18,IMCL.NS,3.127048582911643,480.21,1981.85
2008-08-06,AEGS.NS,3.1263157894736846,1.9,7.84
2020-01-23,CHPC.NS,3.1252694610778446,125.25,516.69
2018-02-15,BOB.NS,3.1250175586458777,142.38,587.32
2014-05-14,WRRN.BO,3.1237555135475743,158.7,654.44
2012-01-24,KAMT.NS,3.1233136094674556,126.75,522.63
2024-11-14,WSTC.NS,3.1231146304675717,530.4,2186.9
2024-12-19,JKIN.NS,3.1210559528817834,95.08,391.83
2011-05-17,VSTI.NS,3.119789473684211,47.5,195.69
2013-02-05,ASHT.NS,3.1196981524850376,38.43,158.32
2015-07-17,ARTI.NS,3.1192457016084303,18.03,74.27
2013-09-16,JAAO.NS,3.117919075144508,8.65,35.62
2015-09-04,VENK.NS,3.115794474988122,294.66,1212.76
2018-07-20,WHEL.NS,3.1157878756250534,1053.91,4337.67
2007-11-14,VENK.NS,3.114245976554739,100.66,414.14
2025-04-22,SEAM.NS,3.110521032024897,996.1,4094.49
2022-12-01,IMCL.NS,3.1102913592597226,79.97,328.7
2014-09-25,HLVL.NS,3.1096330275229356,21.8,89.59
2009-06-01,HLVL.NS,3.109243697478991,32.13,132.03
2019-11-20,JKIN.NS,3.109020116807268,15.41,63.32
2006-12-28,MDRD.BO,3.108988764044944,8.9,36.57
2006-04-17,ARTI.NS,3.1087202718006797,8.83,36.28
2012-03-05,THOM.NS,3.108629441624365,19.7,80.94
2014-11-05,HLVL.NS,3.108510638297872,23.5,96.55
2014-07-24,TAJG.NS,3.1078680203045685,23.64,97.11
2015-08-24,BRIT.NS,3.1062148434974395,1391.99,5715.81
2023-06-13,ASHT.NS,3.1040128410914924,186.9,767.04
2006-04-04,HEGL.NS,3.10343309859155,22.72,93.23
2015-01-20,MDRD.BO,3.10253164556962,15.8,64.82
2015-07-29,WHEL.NS,3.102481357909898,548.49,2250.17
2006-07-13,THOM.NS,3.1022099447513813,10.86,44.55
2013-02-25,IMCL.NS,3.1004691164972638,25.58,104.89
2012-02-16,WHEL.NS,3.1004188837314617,88.33,362.19
2008-12-10,MDRD.BO,3.0989103101424975,11.93,48.9
2015-01-05,CEMI.NS,3.0976430976430978,11.88,48.68
2018-11-14,NALU.NS,3.0967432950191576,10.44,42.77
2019-08-21,BRIT.NS,3.0956422944385498,2130.02,8723.8
2007-02-22,AEGS.NS,3.0931372549019605,6.12,25.05
2005-07-12,TVEL.NS,3.0922659430122117,51.59,211.12
2019-05-02,THOM.NS,3.0915667237768893,52.53,214.93
2016-03-16,XPRO.NS,3.0891164201744408,26.37,107.83
2011-03-09,XPRO.NS,3.0883365200764823,26.15,106.91
2006-12-21,KAMT.NS,3.088300517438344,148.81,608.38
2011-05-18,ARTI.NS,3.088057901085646,8.29,33.89
2015-12-21,SEAM.NS,3.0878293601003763,23.91,97.74
2025-09-22,CHPC.NS,3.0867546432062563,736.56,3010.14
2005-11-21,TAJG.NS,3.0854605993340734,27.03,110.43
2022-05-18,BOB.NS,3.084245326037392,87.72,358.27
2025-06-09,CEMI.NS,3.0838126982420304,744.04,3038.52
2012-03-09,ARTI.NS,3.0823045267489713,2.43,9.92
2012-09-03,AEGS.NS,3.081967213114755,2.44,9.96
2010-12-22,TVEL.NS,3.080954243253813,25.57,104.35
2014-07-21,IMCL.NS,3.080783353733171,8.17,33.34
2008-09-29,TVEL.NS,3.0783034257748776,6.13,25.0
2016-04-11,BOB.NS,3.0778688524590168,122.0,497.5
2011-09-12,XPRO.NS,3.0778481012658228,31.6,128.86
2019-04-09,WSTC.NS,3.0776518285619723,241.72,985.65
2007-02-19,THOM.NS,3.0774907749077496,2.71,11.05
2013-02-22,OSGL.NS,3.0764568764568763,21.45,87.44
2020-02-18,KAMT.NS,3.0762124711316394,8.66,35.3
2025-04-30,GICH.NS,3.0759426447158793,169.47,690.75
2024-09-03,JKIN.NS,3.074534161490684,98.21,400.16
2020-05-05,HLVL.NS,3.0729729729729724,3.7,15.07
2017-02-06,CHPC.NS,3.0718355027353326,265.05,1079.24
2014-07-31,WRRN.BO,3.071612903225807,186.0,757.32
2025-08-07,AEGS.NS,3.067078564909078,712.15,2896.37
2005-01-18,HLVL.NS,3.0668896321070234,26.91,109.44
2014-03-25,GICH.NS,3.066798679867987,75.75,308.06
2008-09-11,KAMT.NS,3.066232356134636,27.63,112.35
2024-12-11,GENS.NS,3.065707907169929,963.05,3915.48
2009-05-26,HLVL.NS,3.0650925335035097,31.34,127.4
2026-06-03,SEAM.NS,3.064778190226982,1643.3,6679.65
2025-09-23,IMCL.NS,3.0632340241796197,463.2,1882.09
2010-01-14,THOM.NS,3.0628381190178935,24.03,97.63
2019-06-14,GENS.NS,3.0622250831455853,93.21,378.64
2021-04-22,ARTI.NS,3.061086780210868,616.5,2503.66
2013-07-17,NALU.NS,3.0608288770053473,14.96,60.75
2017-02-16,JKIN.NS,3.0579303675048353,103.4,419.59
2017-05-30,JAAO.NS,3.057848837209302,103.2,418.77
2013-04-10,ARTI.NS,3.0568104038329915,14.61,59.27
2012-10-29,VENK.NS,3.054611803196175,79.47,322.22
2006-12-13,JKIN.NS,3.0538555691554468,16.34,66.24
2025-02-14,NALU.NS,3.052705223880597,42.88,173.78
2024-05-22,TVEL.NS,3.051849529780564,319.0,1292.54
2010-07-05,WSTC.NS,3.049041713641488,17.74,71.83
2016-05-24,HLVL.NS,3.047398843930636,17.3,70.02
2025-02-28,GENS.NS,3.046201902598325,704.3,2849.74
2010-12-16,TANE.BO,3.04612365063788,10.19,41.23
2020-01-27,MDRD.BO,3.044776119402985,3.35,13.55
2007-06-21,WHEL.NS,3.0445859872611463,12.56,50.8
2018-03-21,ARTI.NS,3.0445446348061314,55.45,224.27
2009-12-08,JAAO.NS,3.0421909696521094,27.02,109.22
2020-09-17,AEGS.NS,3.0418710581639807,57.08,230.71
2007-06-04,WSTC.NS,3.0414657666345226,51.85,209.55
2012-06-27,AEGS.NS,3.04079696394687,10.54,42.59
2011-07-27,KAMT.NS,3.0384615384615383,24.44,98.7
2026-04-28,WIPR.NS,3.0376493538161418,205.05,827.92
2008-07-15,HLVL.NS,3.0355481727574745,30.1,121.47
2012-10-22,GENS.NS,3.034343434343435,44.55,179.73
2008-12-19,TANE.BO,3.03137128072445,30.92,124.65
2009-01-14,JKIN.NS,3.0300000000000002,6.0,24.18
2025-12-18,CEMI.NS,3.028961397406329,793.47,3196.86
2016-02-05,VENK.NS,3.0284829253550924,264.72,1066.42
2014-06-09,JAAO.NS,3.0280230326295587,52.1,209.86
2019-01-11,BRIT.NS,3.0273682663335046,680.35,2740.02
2017-08-04,WSTC.NS,3.0269957801028955,172.99,696.63
2017-05-26,KAMT.NS,3.0265151515151514,13.2,53.15
2026-02-03,KAMT.NS,3.0247665448639873,49.26,198.26
2021-03-26,BOB.NS,3.023841059602649,15.1,60.76
2006-10-19,CHPC.NS,3.0233393177737877,27.85,112.05
2015-05-22,CEMI.NS,3.0222504767959313,15.73,63.27
2005-10-19,OSGL.NS,3.017757009345794,32.1,128.97
2021-11-04,ASHT.NS,3.0163507109004737,84.4,338.98
2007-09-11,VENK.NS,3.0150221216174504,97.19,390.22
2010-02-18,HEGL.NS,3.0145797598627793,11.66,46.81
2006-06-07,BOB.NS,3.0127989221960254,29.69,119.14
2013-12-27,XPRO.NS,3.011409013120365,17.53,70.32
2021-09-09,WHEL.NS,3.0106168108136098,772.36,3097.64
2015-02-18,MDRD.BO,3.008875739644971,3.38,13.55
2008-03-13,JAAO.NS,3.0087463556851306,6.86,27.5
2011-12-22,VSTI.NS,3.008737223870755,60.66,243.17
2024-01-12,WRRN.BO,3.0051070516597918,50.91,203.9
2022-12-30,OSGL.NS,3.004524886877828,6.63,26.55
2011-03-01,ARTI.NS,3.0039370078740157,7.62,30.51
2016-08-30,JKIN.NS,3.0023616734143044,29.64,118.63
2019-11-22,ARTI.NS,3.002330032454024,360.51,1442.88
2019-05-20,TANE.BO,3.001494768310912,6.69,26.77
2018-03-06,KAMT.NS,2.9996091841719594,102.35,409.36
2017-12-29,WHEL.NS,2.999208242101971,1023.04,4091.35
2005-08-03,BRIT.NS,2.9984358706986445,76.72,306.76
2021-01-05,WRRN.BO,2.9959839357429723,12.45,49.75
2008-10-13,JKIN.NS,2.995850622406639,2.41,9.63
2012-03-02,VSTI.NS,2.995550611790879,17.98,71.84
2006-04-13,TAJG.NS,2.994804816469217,205.96,822.77
2017-06-12,AEGS.NS,2.9945499844285273,192.66,769.59
2023-05-03,BRIT.NS,2.9940188693410743,4395.49,17555.67
2015-06-30,TANE.BO,2.9938993390950683,78.68,314.24
2013-03-26,XPRO.NS,2.992040932347925,17.59,70.22
2008-10-01,NALU.NS,2.9903096194753016,42.31,168.83
2009-01-28,IMCL.NS,2.989041095890411,3.65,14.56
2018-02-07,BOB.NS,2.987333182537888,132.63,528.84
2013-05-13,HLVL.NS,2.9862884160756504,21.15,84.31
2007-11-05,IMCL.NS,2.9850169163847267,20.69,82.45
2020-11-24,TANE.BO,2.9849778081256404,29.29,116.72
2015-03-10,IMCL.NS,2.983648881239243,11.62,46.29
2016-05-06,MDRD.BO,2.982666666666667,7.5,29.87
2024-03-22,WIPR.NS,2.982477830832196,234.56,934.13
2024-06-27,KAMT.NS,2.981496622057748,232.39,925.26
2016-07-21,BRIT.NS,2.9813394018205464,307.6,1224.66
2016-02-24,ARTI.NS,2.9804151518705293,85.27,339.41
2026-02-02,AEGS.NS,2.980246406570842,730.5,2907.57
2014-09-19,THOM.NS,2.9801999231064973,52.02,207.05
2015-08-03,ASHT.NS,2.977314986984009,26.89,106.95
2011-01-07,XPRO.NS,2.976190476190476,10.08,40.08
2018-06-22,ASHT.NS,2.973456987527982,62.54,248.5
2023-07-13,IMCL.NS,2.972912167026638,111.12,441.47
2017-10-09,VENK.NS,2.9724574515685336,603.43,2397.1
2018-04-03,SEAM.NS,2.9710022382491914,201.05,798.37
2006-05-18,TANE.BO,2.9709505334626574,206.2,818.81
2013-07-01,HEGL.NS,2.9678747940691927,24.28,96.34
2024-11-07,TANE.BO,2.966798382005658,427.69,1696.56
2025-08-25,HEGL.NS,2.9642490240394497,486.7,1929.4
2022-06-20,WIPR.NS,2.9642422639513355,189.05,749.44
2011-09-01,IMCL.NS,2.963875903102422,23.53,93.27
2019-10-10,XPRO.NS,2.9633251833740837,4.09,16.21
2015-08-14,WIPR.NS,2.9604155844155846,96.25,381.19
2025-08-13,AEGS.NS,2.9601310759148007,183.1,725.1
2014-10-21,AEGS.NS,2.96,7.25,28.71
2026-06-16,TAJG.NS,2.95999402003289,334.45,1324.42
2024-02-07,GENS.NS,2.9599648814749786,512.55,2029.68
2009-12-21,JKIN.NS,2.9597902097902096,5.72,22.65
2020-01-16,GENS.NS,2.9591284748309548,66.55,263.48
2024-09-05,AEGS.NS,2.9590560373582386,839.44,3323.39
2014-10-28,ASHT.NS,2.9583333333333335,32.16,127.3
2013-09-02,TAJG.NS,2.9569892473118284,13.95,55.2
2016-08-05,WHEL.NS,2.9551136779004312,136.79,541.02
2018-04-11,JKIN.NS,2.9542041534194676,147.83,584.55
2009-10-28,HLVL.NS,2.953333333333333,36.0,142.32
2012-01-04,XPRO.NS,2.9525504151838673,8.43,33.32
2017-12-20,NALU.NS,2.9521150955550786,46.57,184.05
2023-04-19,CEMI.NS,2.9514170040485825,27.17,107.36
2006-03-24,BOB.NS,2.9509202453987733,29.34,115.92
2010-06-16,WHEL.NS,2.9503033805258596,69.22,273.44
2022-02-01,VSTI.NS,2.9467747060692724,62.94,248.41
2008-08-19,ARTI.NS,2.94408945686901,6.26,24.69
2011-03-01,WSTC.NS,2.9438601917723477,64.66,255.01
2011-11-02,XPRO.NS,2.942600896860986,33.45,131.88
2006-07-19,AEGS.NS,2.9411764705882355,6.46,25.46
2012-11-07,OSGL.NS,2.9410122164048866,28.65,112.91
2007-01-17,KAMT.NS,2.9403874813710877,161.04,634.56
2010-11-11,BRIT.NS,2.9399466192170816,179.84,708.56
2006-04-17,AEGS.NS,2.9398496240601504,2.66,10.48
2022-02-01,THOM.NS,2.937717836035764,65.99,259.85
2009-01-16,VSTI.NS,2.936086529006883,10.17,40.03
2007-02-20,SEAM.NS,2.935975609756098,209.92,826.24
2007-06-22,BOB.NS,2.934689507494647,9.34,36.75
2021-09-17,WSTC.NS,2.9344020719835675,223.94,881.07
2011-01-20,TVEL.NS,2.933826730518067,22.97,90.36
2020-12-17,HLVL.NS,2.933823529411764,1.36,5.35
2025-05-15,TVEL.NS,2.9320963855421684,415.0,1631.82
2021-09-17,IMCL.NS,2.931020572811618,74.37,292.35
2014-01-28,WHEL.NS,2.930436477007015,51.32,201.71
2016-06-10,TANE.BO,2.9297320109727787,47.39,186.23
2005-07-12,TAJG.NS,2.9286483575659665,74.28,291.82
2011-10-10,JAAO.NS,2.9284064665127025,8.66,34.02
2011-01-13,CEMI.NS,2.9270367054610564,22.34,87.73
2007-08-22,ASHT.NS,2.9257620882971263,684.96,2688.99
2014-03-25,MDRD.BO,2.9255121042830536,10.74,42.16
2008-10-31,BRIT.NS,2.9254429956536274,89.73,352.23
2021-12-03,KAMT.NS,2.9249520153550863,52.1,204.49
2022-08-08,IMCL.NS,2.923525377229081,58.32,228.82
2019-07-15,KAMT.NS,2.923001949317739,10.26,40.25
2013-10-07,JAAO.NS,2.921334922526817,8.39,32.9
2006-08-21,CEMI.NS,2.9201244813278007,9.64,37.79
2010-05-28,GICH.NS,2.9193967758710353,57.69,226.11
2012-03-14,BRIT.NS,2.91829120026831,238.53,934.63
2022-10-06,HEGL.NS,2.9174957118353344,58.3,228.39
2013-04-30,WIPR.NS,2.9170162319897868,54.83,214.77
2007-03-08,CHPC.NS,2.91660577274388,109.48,428.79
2017-05-22,XPRO.NS,2.916541579105374,33.31,130.46
2008-07-23,MDRD.BO,2.914724711907811,39.05,152.87
2012-07-09,TAJG.NS,2.91404833836858,66.2,259.11
2009-10-29,OSGL.NS,2.9131964809384163,17.05,66.72
2015-10-13,VENK.NS,2.9126928471248243,85.56,334.77
2008-01-16,JAAO.NS,2.910840707964602,45.2,176.77
2010-02-26,BOB.NS,2.909991643786559,83.77,327.54
2025-03-26,THOM.NS,2.9099290261213144,136.67,534.37
2010-11-26,HLVL.NS,2.9097778795511795,43.67,170.74
2016-11-16,OSGL.NS,2.9064449064449063,24.05,93.95
2020-07-20,GENS.NS,2.9058997050147495,33.9,132.41
2009-10-15,JAAO.NS,2.902539208364451,26.78,104.51
2009-07-08,BOB.NS,2.9025337837837837,59.2,231.03
2024-08-28,WHEL.NS,2.900682307439705,822.21,3207.18
2024-12-20,WRRN.BO,2.899917695473251,60.75,236.92
2012-01-07,TANE.BO,2.8981735159817354,43.8,170.74
2006-09-14,WHEL.NS,2.898138464756327,47.81,186.37
2010-03-19,SEAM.NS,2.897963329778049,196.89,767.47
2017-07-17,BOB.NS,2.8973110311242856,141.69,552.21
2019-07-29,VENK.NS,2.896619424504571,325.98,1270.22
2007-04-12,OSGL.NS,2.8961171662125342,29.36,114.39
2008-09-04,WHEL.NS,2.894562334217506,45.24,176.19
2023-04-21,BOB.NS,2.8944288984991093,157.24,612.36
2011-05-27,HLVL.NS,2.8940116587175413,37.74,146.96
2019-11-01,HEGL.NS,2.893260292164675,180.72,703.59
2021-12-24,ASHT.NS,2.8922651933701657,18.1,70.45
2007-08-13,ASHT.NS,2.8913878382310156,687.4,2674.94
2006-08-18,SEAM.NS,2.890909090909091,178.2,693.36
2006-04-19,IMCL.NS,2.8896479243300046,19.03,74.02
2022-02-07,TANE.BO,2.8891946158994575,134.47,522.98
2014-07-22,HEGL.NS,2.8882394201543136,42.77,166.3
2005-02-09,ASHT.NS,2.887282412251498,315.39,1226.01
2020-06-02,KAMT.NS,2.8869379014989294,23.35,90.76
2013-07-03,ASHT.NS,2.8863972186006084,115.05,447.13
2013-10-21,JKIN.NS,2.885775862068966,4.64,18.03
2008-03-03,CHPC.NS,2.88506396752813,194.63,756.15
2006-10-16,JAAO.NS,2.8843331894691406,23.17,90.0
2020-07-23,JKIN.NS,2.882506954671903,61.11,237.26
2009-07-09,WIPR.NS,2.8824289405684755,7.74,30.05
2021-10-29,CEMI.NS,2.882295719844358,20.56,79.82
2010-02-06,AEGS.NS,2.88135593220339,2.36,9.16
2012-07-31,GENS.NS,2.8800690250215704,197.03,764.49
2026-01-30,SEAM.NS,2.8787024850971585,1291.7,5010.12
2020-10-19,NALU.NS,2.878123629986848,22.81,88.46
2016-02-24,TANE.BO,2.8761904761904757,49.35,191.29
2023-02-03,WSTC.NS,2.8761660447761197,128.64,498.63
2019-06-21,CEMI.NS,2.876055218988976,100.69,390.28
2021-05-26,THOM.NS,2.875987841945289,16.45,63.76
2012-04-11,WRRN.BO,2.8750308109440477,243.42,943.26
2005-03-07,VSTI.NS,2.8750000000000004,2.32,8.99
2005-07-28,WHEL.NS,2.8741370154009562,18.83,72.95
2012-12-14,BRIT.NS,2.8741352163748273,209.59,811.98
2005-11-24,AEGS.NS,2.873376623376623,3.08,11.93
2018-10-30,BRIT.NS,2.8733105121900264,622.23,2410.09
2010-04-09,THOM.NS,2.8731617647058822,21.76,84.28
2008-08-28,THOM.NS,2.8723913787204927,29.23,113.19
2022-01-19,MDRD.BO,2.8704253214638977,10.11,39.13
2017-11-13,CEMI.NS,2.869243380197725,201.29,778.84
2020-08-10,ASHT.NS,2.869147005444646,55.1,213.19
2019-11-05,HLVL.NS,2.8666666666666667,7.8,30.16
2024-04-19,AEGS.NS,2.8663616759708983,496.19,1918.45
2021-04-12,MDRD.BO,2.8654580152671754,10.48,40.51
2025-09-12,ASHT.NS,2.864431311060186,82.91,320.4
2023-08-03,SEAM.NS,2.8635620800916293,715.93,2766.04
2019-10-04,ARTI.NS,2.8634091477130714,320.08,1236.6
2020-12-09,XPRO.NS,2.8629032258064515,6.2,23.95
2011-03-08,VENK.NS,2.862377932145374,297.99,1150.95
2007-12-11,WSTC.NS,2.862068965517241,16.82,64.96
2006-05-08,TAJG.NS,2.8611673562813627,227.18,877.18
2026-06-05,AEGS.NS,2.8608800240553274,199.54,770.4
2019-08-27,HEGL.NS,2.8607361598382592,168.17,649.26
2006-10-09,JKIN.NS,2.8596153846153847,20.8,80.28
2015-09-03,TVEL.NS,2.8591495823842066,26.34,101.65
2024-10-25,WHEL.NS,2.8585731640903185,716.13,2763.24
2007-01-29,TANE.BO,2.8564519249371254,51.69,199.34
2007-08-24,JKIN.NS,2.855270057682223,19.07,73.52
2025-08-14,TVEL.NS,2.8551590661666864,413.35,1593.53
2012-06-13,GICH.NS,2.8549084858569054,60.1,231.68
2021-12-10,WIPR.NS,2.8546215191528304,76.49,294.84
2021-03-16,CEMI.NS,2.8539526574363556,22.39,86.29
2006-09-28,BRIT.NS,2.8533956162414666,83.49,321.72
2011-05-06,XPRO.NS,2.852654057352044,32.78,126.29
2024-02-28,VSTI.NS,2.85249298648304,313.68,1208.45
2020-07-21,BRIT.NS,2.851824257391207,3583.65,13803.59
2011-11-22,VSTI.NS,2.851634401777213,63.02,242.73
2017-02-28,BRIT.NS,2.851575630252101,1428.0,5500.05
2010-06-04,BRIT.NS,2.8510668973471742,138.72,534.22
2022-06-16,ARTI.NS,2.8500763011786097,615.98,2371.57
2022-07-05,XPRO.NS,2.849790794979079,788.7,3036.33
2026-03-05,KAMT.NS,2.84975837541402,184.17,709.01
2015-03-13,ARTI.NS,2.8494565217391306,18.4,70.83
2018-10-05,IMCL.NS,2.8493033835655384,35.17,135.38
2011-01-31,VENK.NS,2.8479102577702347,377.08,1450.97
2008-08-28,WSTC.NS,2.847711267605634,11.36,43.71
2009-08-27,CHPC.NS,2.8476527234426725,132.92,511.43
2014-11-03,CHPC.NS,2.847087378640776,20.6,79.25
2015-06-22,ARTI.NS,2.8455528846153846,16.64,63.99
2006-07-17,KAMT.NS,2.8448289238885875,128.89,495.56
2019-10-09,OSGL.NS,2.841151385927505,9.38,36.03
2009-12-18,GENS.NS,2.840993788819876,24.15,92.76
2007-01-19,IMCL.NS,2.8406395048994324,19.39,74.47
2005-06-08,SEAM.NS,2.839994775339603,76.56,293.99
2018-04-25,ASHT.NS,2.8393824826717076,317.4,1218.62
2009-10-05,WSTC.NS,2.838635930653458,52.49,201.49
2011-03-03,SEAM.NS,2.838180462341536,26.82,102.94
2016-04-29,WSTC.NS,2.836275106512477,16.43,63.03
2020-10-21,TANE.BO,2.8355167394468705,6.87,26.35
2016-08-09,VSTI.NS,2.8353745371688976,35.11,134.66
2018-12-27,CEMI.NS,2.833842451170971,108.03,414.17
2022-12-16,TAJG.NS,2.8335056876938984,58.02,222.42
2012-01-07,THOM.NS,2.833333333333333,11.1,42.55
2005-01-27,HLVL.NS,2.832884097035041,7.42,28.44
2023-08-29,NALU.NS,2.8322399250234302,21.34,81.78
2016-03-14,THOM.NS,2.831997580523212,66.13,253.41
2012-05-23,WSTC.NS,2.8307552320291176,10.99,42.1
2005-11-28,WHEL.NS,2.8303064699205445,70.48,269.96
2009-08-31,HEGL.NS,2.8293496386881603,35.98,137.78
2014-09-12,TVEL.NS,2.829095775186389,52.31,200.3
2023-05-03,SEAM.NS,2.8269022372806956,729.01,2789.85
2006-04-03,CEMI.NS,2.8258872651356994,23.95,91.63
2005-04-11,WSTC.NS,2.825,6.8,26.01
2011-04-27,HLVL.NS,2.8249349420392713,42.27,161.68
2009-07-29,TAJG.NS,2.8247933884297525,24.2,92.56
2009-06-12,TANE.BO,2.823481340234269,36.71,140.36
2022-11-18,WRRN.BO,2.8226061915046796,69.45,265.48
2020-12-11,ASHT.NS,2.822048125349748,17.87,68.3
2020-01-21,GICH.NS,2.8205056179775276,35.6,136.01
2013-03-11,JAAO.NS,2.81957773512476,10.42,39.8
2013-01-29,AEGS.NS,2.817610062893082,14.31,54.63
2005-01-14,TVEL.NS,2.8173633440514467,15.55,59.36
2011-09-12,ARTI.NS,2.8168316831683167,2.02,7.71
2026-04-15,AEGS.NS,2.8152439517760337,617.95,2357.63
2025-11-10,CEMI.NS,2.813921635195092,854.21,3257.89
2012-03-23,VENK.NS,2.813877677739832,64.42,245.69
2018-06-12,IMCL.NS,2.8132295719844365,10.28,39.2
2011-10-21,IMCL.NS,2.812213740458015,6.55,24.97
2008-01-28,ARTI.NS,2.811965811965812,1.17,4.46
2024-03-20,GENS.NS,2.8085588679763704,145.58,554.45
2019-10-22,GENS.NS,2.808468595624559,70.85,269.83
2025-06-24,IMCL.NS,2.806282185954754,390.31,1485.63
2023-10-12,HEGL.NS,2.8062632696390657,94.2,358.55
2010-12-21,ARTI.NS,2.8054347826086956,9.2,35.01
2007-03-02,OSGL.NS,2.804597701149425,9.57,36.41
2023-03-21,BOB.NS,2.804537061461356,37.91,144.23
2011-01-04,JAAO.NS,2.804450438300741,44.49,169.26
2005-10-14,WIPR.NS,2.8043758043758045,7.77,29.56
2008-12-19,OSGL.NS,2.80352644836272,3.97,15.1
2018-06-19,CEMI.NS,2.8034034930586658,133.98,509.58
2022-02-24,CHPC.NS,2.8031135531135534,21.84,83.06
2022-07-21,JAAO.NS,2.802647175029633,202.48,769.96
2008-12-16,CEMI.NS,2.801801801801801,2.22,8.44
2025-06-06,MDRD.BO,2.801246537396122,14.44,54.89
2023-06-21,HEGL.NS,2.8006652411499164,84.18,319.94
2014-07-01,WRRN.BO,2.799586388418876,53.19,202.1
2011-04-26,ASHT.NS,2.7989882112689126,215.46,818.53
2013-01-31,AEGS.NS,2.798438608942513,14.09,53.52
2020-01-30,CHPC.NS,2.798180592991914,29.68,112.73
2006-04-21,TVEL.NS,2.7965465465465464,13.32,50.57
2012-05-25,WRRN.BO,2.7934298701907307,213.39,809.48
2012-12-10,TVEL.NS,2.792119565217391,14.72,55.82
2022-08-24,IMCL.NS,2.7916280506641957,64.74,245.47
2011-05-25,ASHT.NS,2.789021232522009,193.1,731.66
2007-07-27,XPRO.NS,2.7857142857142856,19.32,73.14
2014-08-27,JAAO.NS,2.785270997103847,48.34,182.98
2018-08-20,WRRN.BO,2.7844808743169396,91.5,346.28
2010-10-07,TANE.BO,2.7819468267581473,46.64,176.39
2006-02-20,WRRN.BO,2.7813736903376016,85.9,324.82
2007-05-28,JKIN.NS,2.7804002052334535,19.49,73.68
2019-04-25,KAMT.NS,2.7776649746192894,49.25,186.05
2020-07-20,BOB.NS,2.7775768535262206,11.06,41.78
2007-09-04,IMCL.NS,2.777351247600768,5.21,19.68
2021-12-10,HLVL.NS,2.776076555023924,10.45,39.46
2007-03-16,HLVL.NS,2.776061776061776,12.95,48.9
2025-02-24,WHEL.NS,2.7756492195909583,594.56,2244.85
2006-07-18,JKIN.NS,2.775623268698061,10.83,40.89
2016-07-11,NALU.NS,2.7747051647010976,24.59,92.82
2021-05-24,AEGS.NS,2.7737068965517246,310.88,1173.17
2007-05-31,TVEL.NS,2.7722772277227725,37.37,140.97
2009-03-02,BRIT.NS,2.7711587359244456,27.53,103.82
2008-10-01,KAMT.NS,2.77079344820251,94.02,354.53
2014-08-06,THOM.NS,2.768412267890674,47.93,180.62
2008-03-05,CEMI.NS,2.7678018575851393,35.53,133.87
2016-06-13,WIPR.NS,2.7662281647616993,92.74,349.28
2018-01-03,VSTI.NS,2.764896152536602,58.74,221.15
2015-07-15,VENK.NS,2.764672606420591,353.55,1331.0
2026-05-04,WRRN.BO,2.762760416666667,38.4,144.49
2013-03-05,TAJG.NS,2.7622999407231767,16.87,63.47
2025-11-12,NALU.NS,2.758660912166103,257.19,966.69
2014-03-27,HEGL.NS,2.7584182885387705,32.37,121.66
2016-09-30,XPRO.NS,2.758039816232772,32.65,122.7
2008-04-15,BRIT.NS,2.7575644378035116,26.77,100.59
2016-11-25,BRIT.NS,2.757317924455131,1289.3,4844.31
2005-12-19,JAAO.NS,2.757236842105263,30.4,114.22
2018-02-06,SEAM.NS,2.7560120548619227,162.59,610.69
2026-04-29,BRIT.NS,2.7558963427872185,1520.01,5709.0
2024-02-07,WSTC.NS,2.755227285070331,184.13,691.45
2015-10-01,THOM.NS,2.7547196196336174,71.51,268.5
2025-11-26,KAMT.NS,2.7544973544973543,236.25,887.0
2022-12-27,CHPC.NS,2.7536356843133873,173.97,653.02
2017-12-13,WIPR.NS,2.752563712051985,98.49,369.59
2013-12-12,NALU.NS,2.7506534239414533,19.13,71.75
2018-01-18,MDRD.BO,2.75,10.6,39.75
2014-05-29,IMCL.NS,2.7492739593417235,30.99,116.19
2005-06-02,BRIT.NS,2.747499615325435,64.99,243.55
2025-11-27,VENK.NS,2.746642793196061,357.44,1339.2
2018-07-24,NALU.NS,2.744186046511628,10.32,38.64
2015-12-23,HEGL.NS,2.743107769423559,7.98,29.87
2019-01-31,WSTC.NS,2.742892242892243,227.92,853.08
2025-10-24,SEAM.NS,2.741794081739434,860.05,3218.13
2024-05-02,WSTC.NS,2.7395798224918546,178.02,665.72
2017-07-28,VENK.NS,2.7393894967285624,2018.99,7549.79
2006-02-17,XPRO.NS,2.738853503184713,4.71,17.61
2009-04-13,JAAO.NS,2.737980769230769,4.16,15.55
2005-05-23,WSTC.NS,2.7376543209876543,29.16,108.99
2018-12-04,NALU.NS,2.736648250460405,43.44,162.32
2010-01-29,TAJG.NS,2.7359025219608957,35.29,131.84
2016-03-16,TAJG.NS,2.735294117647059,18.02,67.31
2017-06-29,TAJG.NS,2.7347087378640773,41.2,153.87
2023-09-14,TVEL.NS,2.731123337664851,361.69,1349.51
2024-01-20,WHEL.NS,2.7309207564160283,177.68,662.91
2010-10-21,SEAM.NS,2.730491281575283,150.83,562.67
2017-03-22,KAMT.NS,2.730074074074074,33.75,125.89
2005-04-26,WIPR.NS,2.7300613496932518,6.52,24.32
2017-10-31,BRIT.NS,2.730060821666284,2091.36,7800.9
2014-01-30,CEMI.NS,2.729985443959243,13.74,51.25
2005-08-22,NALU.NS,2.7299270072992705,17.81,66.43
2020-02-05,VENK.NS,2.729386487813275,1568.51,5849.58
2023-09-08,TVEL.NS,2.7290148717436873,100.19,373.61
2023-11-07,TANE.BO,2.7288394082659755,65.57,244.5
2007-10-15,OSGL.NS,2.727296519235802,38.21,142.42
2013-09-04,AEGS.NS,2.727272727272727,2.97,11.07
2020-04-21,GENS.NS,2.7267882187938293,35.65,132.86
2015-03-13,BRIT.NS,2.7263449175636296,950.43,3541.63
2007-01-09,BOB.NS,2.725,32.0,119.2
2014-03-04,HLVL.NS,2.724590163934426,15.25,56.8
2014-05-26,AEGS.NS,2.7233115468409586,4.59,17.09
2017-06-14,HLVL.NS,2.7211206896551725,23.2,86.33
2017-05-19,WRRN.BO,2.719923518164436,130.75,486.38
2018-12-05,TAJG.NS,2.719847840680242,44.69,166.24
2017-02-06,XPRO.NS,2.718408262454435,32.92,122.41
2019-01-16,BRIT.NS,2.7178172833896572,2817.04,10473.24
2022-10-27,MDRD.BO,2.71669341894061,12.46,46.31
2017-05-16,WRRN.BO,2.7159398496240605,133.0,494.22
2005-08-08,KAMT.NS,2.715838087476229,73.62,273.56
2014-11-19,CHPC.NS,2.714997508719482,20.07,74.56
2026-02-02,CEMI.NS,2.7139577323835873,169.87,630.89
2018-11-14,VSTI.NS,2.713938827924352,214.15,795.34
2026-05-04,JKIN.NS,2.7098744151686773,406.1,1506.58
2020-11-23,HLVL.NS,2.7083333333333335,4.8,17.8
2023-11-02,NALU.NS,2.7076648841354722,22.44,83.2
2023-12-08,MDRD.BO,2.7067276290006532,30.62,113.5
2021-06-28,WIPR.NS,2.70555907006168,252.92,937.21
2024-02-07,ASHT.NS,2.704936854190586,43.55,161.35
2007-08-02,JKIN.NS,2.7048903878583475,5.93,21.97
2017-05-22,MDRD.BO,2.7027027027027026,18.5,68.5
2013-05-08,JKIN.NS,2.7017543859649122,5.13,18.99
2015-06-19,OSGL.NS,2.7014084507042257,7.1,26.28
2017-10-26,NALU.NS,2.7007725645374037,53.07,196.4
2022-08-10,JKIN.NS,2.7004270896888345,32.78,121.3
2016-08-04,ARTI.NS,2.698249044529375,112.51,416.09
2024-07-12,TANE.BO,2.6980079291273067,612.93,2266.62
2019-06-24,AEGS.NS,2.6974295447506966,193.74,716.34
2015-04-23,OSGL.NS,2.696526508226691,5.47,20.22
2024-12-16,BOB.NS,2.6964566603195625,241.58,892.99
2020-09-07,XPRO.NS,2.695681511470985,14.82,54.77
2021-06-30,HEGL.NS,2.6952983725135624,110.6,408.7
2014-01-07,WSTC.NS,2.6949019607843137,12.75,47.11
2021-07-01,WRRN.BO,2.6946284032376746,67.95,251.05
2014-05-22,JKIN.NS,2.69459529350918,38.67,142.87
2018-07-27,JKIN.NS,2.6939124179480265,111.21,410.8
2015-04-20,HLVL.NS,2.6931645569620253,19.75,72.94
2021-01-20,VENK.NS,2.692349817852806,419.99,1550.75
2011-06-15,MDRD.BO,2.692258883248731,15.76,58.19
2011-09-30,CEMI.NS,2.69054441260745,13.96,51.52
2017-05-17,CEMI.NS,2.6898920510304225,163.04,601.6
2020-09-14,JKIN.NS,2.687441686881881,53.59,197.61
2017-10-04,TAJG.NS,2.6871072589382448,184.6,680.64
2009-01-06,CHPC.NS,2.6868754911867074,89.07,328.39
2012-09-20,JKIN.NS,2.686868686868687,4.95,18.25
2013-02-19,THOM.NS,2.686626746506986,5.01,18.47
2007-08-17,XPRO.NS,2.6860706860706864,4.81,17.73
2017-05-30,KAMT.NS,2.6859443631039532,13.66,50.35
2023-12-05,CHPC.NS,2.685295704898257,630.02,2321.81
2021-12-30,TAJG.NS,2.684872585619218,123.22,454.05
2006-12-27,BOB.NS,2.684858044164038,31.7,116.81
2024-07-29,MDRD.BO,2.6836059190031154,51.36,189.19
2026-06-22,WHEL.NS,2.6834255527472277,439.17,1617.65
2020-06-16,GICH.NS,2.6828770617241964,58.81,216.59
2005-06-01,WSTC.NS,2.682859125607217,28.82,106.14
2023-05-26,HLVL.NS,2.6825396825396823,3.15,11.6
2005-04-29,HLVL.NS,2.6817667044167606,8.83,32.51
2015-10-26,CHPC.NS,2.6815692410863976,178.94,658.78
2011-02-07,JKIN.NS,2.6810519217801754,14.83,54.59
2016-01-01,XPRO.NS,2.6804676083779833,41.06,151.12
2013-05-31,TANE.BO,2.6793819410912603,20.71,76.2
2015-02-09,XPRO.NS,2.6791882556131257,23.16,85.21
2025-03-19,BOB.NS,2.678735526557618,54.41,200.16
2008-08-29,ARTI.NS,2.677852348993289,5.96,21.92
2020-06-11,WRRN.BO,2.677446102819237,12.06,44.35
2019-02-19,WIPR.NS,2.6769254562326017,129.32,475.5
2017-10-19,WRRN.BO,2.6733355198425715,30.49,112.0
2009-01-09,AEGS.NS,2.6725663716814156,3.39,12.45
2024-11-14,HLVL.NS,2.6717062634989204,4.63,17.0
2018-01-30,THOM.NS,2.669637689547401,86.39,317.02
2009-12-31,WRRN.BO,2.6694511736697017,119.71,439.27
2009-06-24,TANE.BO,2.668924889543446,33.95,124.56
2013-10-15,ASHT.NS,2.668647396515258,99.29,364.26
2012-11-29,TANE.BO,2.668428005284016,22.71,83.31
2010-04-26,MDRD.BO,2.667491749174918,12.12,44.45
2019-03-27,TAJG.NS,2.6662643331321667,231.98,850.5
2014-12-05,JAAO.NS,2.6639949709256636,63.63,233.14
2022-05-10,HEGL.NS,2.6626506024096384,54.78,200.64
2023-02-17,TANE.BO,2.6618480171908576,102.38,374.9
2018-04-17,VENK.NS,2.6607075152498285,4167.26,15255.12
2010-10-20,TVEL.NS,2.660443407234539,8.57,31.37
2007-08-10,MDRD.BO,2.6604248183342647,35.78,130.97
2024-12-09,BOB.NS,2.6599669047907333,247.77,906.83
2018-01-16,WHEL.NS,2.659084162089951,269.48,986.05
2015-08-24,NALU.NS,2.658895705521472,16.3,59.64
2015-04-16,THOM.NS,2.6583140737136604,82.21,300.75
2013-12-04,TAJG.NS,2.6579737335834897,53.3,194.97
2015-05-29,XPRO.NS,2.657520823125919,20.41,74.65
2010-02-18,KAMT.NS,2.6571641791044778,67.0,245.03
2017-12-28,IMCL.NS,2.6560154407034093,46.63,170.48
2024-02-26,GENS.NS,2.6557972385095514,528.7,1932.82
2019-07-02,VENK.NS,2.654955060836431,1616.63,5908.71
2023-02-03,TVEL.NS,2.6544955677501054,94.76,346.3
2022-08-24,HLVL.NS,2.65427135678392,9.95,36.36
2020-02-12,WHEL.NS,2.654230643580529,153.05,559.28
2010-10-11,JAAO.NS,2.6536241180243745,15.59,56.96
2017-11-07,ARTI.NS,2.652640711419586,184.42,673.62
2005-08-08,XPRO.NS,2.652152399802078,20.21,73.81
2011-01-27,WRRN.BO,2.6515761234071094,29.82,108.89
2022-02-09,VENK.NS,2.6497218578987836,2211.1,8069.9
2012-02-27,MDRD.BO,2.6488178025034768,14.38,52.47
2011-06-07,WRRN.BO,2.6480498077275225,54.61,199.22
2011-07-06,SEAM.NS,2.6474174240744848,90.22,329.07
2018-11-16,OSGL.NS,2.6471774193548385,4.96,18.09
2024-12-18,CEMI.NS,2.6468175388967463,141.4,515.66
2025-09-30,GENS.NS,2.64672131147541,500.2,1824.09
2021-02-02,TAJG.NS,2.646277999849159,132.59,483.46
2023-01-24,VENK.NS,2.645768150022918,501.79,1829.41
2014-04-10,TAJG.NS,2.6436578171091445,67.8,247.04
2022-04-21,THOM.NS,2.6426056338028174,22.72,82.76
2019-07-16,VENK.NS,2.642082050316664,1487.38,5417.16
2017-01-19,GENS.NS,2.6391744951549674,135.19,491.98
2010-03-29,VSTI.NS,2.6390891840607207,26.35,95.89
2009-11-18,ASHT.NS,2.6386413696435724,399.52,1453.71
2024-08-07,WHEL.NS,2.637684174935303,768.97,2797.27
2024-08-28,XPRO.NS,2.6375394451047085,1220.05,4437.98
2014-05-09,SEAM.NS,2.6372827804107426,94.95,345.36
2020-04-28,WHEL.NS,2.6362781954887216,106.4,386.9
2022-03-14,WIPR.NS,2.6362630880401117,271.24,986.3
2006-08-28,OSGL.NS,2.6352112676056336,7.1,25.81
2008-05-28,WHEL.NS,2.6348411934552454,51.95,188.83
2023-06-16,ASHT.NS,2.6347593582887705,187.0,679.7
2025-01-10,XPRO.NS,2.633986769140967,411.16,1494.15
2016-12-01,KAMT.NS,2.633754305396096,8.71,31.65
2012-06-25,KAMT.NS,2.633486766398159,34.76,126.3
2019-10-15,IMCL.NS,2.6334231805929917,33.39,121.32
2016-06-16,NALU.NS,2.631959201019974,23.53,85.46
2015-08-07,BRIT.NS,2.6317950895275466,1366.06,4961.25
2026-02-20,HEGL.NS,2.6300476221540876,153.29,556.45
2007-06-07,VENK.NS,2.628533685601057,75.7,274.68
2020-06-24,WRRN.BO,2.627450980392157,13.26,48.1
2014-10-29,CEMI.NS,2.625166444740346,45.06,163.35
2018-01-23,SEAM.NS,2.6250067894193685,184.11,667.4
2024-06-21,IMCL.NS,2.6248829921452117,245.71,890.67
2011-06-06,VENK.NS,2.624724061810155,104.19,377.66
2017-08-07,ASHT.NS,2.623369414376908,36.03,130.55
2012-04-25,WSTC.NS,2.622692953020134,47.68,172.73
2024-03-19,OSGL.NS,2.6211180124223596,8.05,29.15
2016-04-06,IMCL.NS,2.6209419295839047,43.74,158.38
2023-11-09,IMCL.NS,2.6203089363466723,192.92,698.43
2016-03-15,HEGL.NS,2.6202800169707254,23.57,85.33
2007-02-12,WRRN.BO,2.6176536816032425,44.41,160.66
2024-11-19,HEGL.NS,2.6175820288316975,113.07,409.04
2023-06-28,VSTI.NS,2.617143059039678,283.03,1023.76
2009-01-05,VENK.NS,2.6165413533834583,11.97,43.29
2019-08-22,IMCL.NS,2.61619283065513,32.36,117.02
2018-07-18,JAAO.NS,2.6158078122134603,54.53,197.17
2006-02-08,VENK.NS,2.6157575757575757,24.75,89.49
2012-03-26,CEMI.NS,2.613366645846346,16.01,57.85
2018-05-14,MDRD.BO,2.613223140495868,6.05,21.86
2009-06-19,SEAM.NS,2.611433046202036,127.7,461.18
2015-05-27,WRRN.BO,2.610550161812298,154.5,557.83
2020-01-14,HLVL.NS,2.610344827586207,5.8,20.94
2019-05-08,CEMI.NS,2.610016126142268,111.62,402.95
2017-01-24,GENS.NS,2.6097737120847375,41.54,149.95
2023-05-29,GICH.NS,2.607058266224538,42.22,152.29
2018-12-18,GENS.NS,2.607050796057619,131.9,475.77
2024-09-02,AEGS.NS,2.6063313528958227,220.49,795.16
2009-12-23,WHEL.NS,2.6058763931104365,39.48,142.36
2008-07-25,AEGS.NS,2.604166666666667,7.68,27.68
2019-11-07,NALU.NS,2.6027689030883914,9.39,33.83
2017-01-04,JAAO.NS,2.6022438294689607,66.85,240.81
2010-05-20,WHEL.NS,2.602205882352941,68.0,244.95
2015-06-23,AEGS.NS,2.6021857923497267,18.3,65.92
2005-06-03,THOM.NS,2.600694444444444,2.88,10.37
2021-01-29,GENS.NS,2.599068322981366,64.4,231.78
2019-11-05,NALU.NS,2.5989247311827954,9.3,33.47
2017-09-18,JAAO.NS,2.598665965382041,418.28,1505.25
2009-02-09,TAJG.NS,2.598047192839707,12.29,44.22
2013-08-27,WIPR.NS,2.596089460291951,74.67,268.52
2013-04-25,BRIT.NS,2.595025510204082,235.2,845.55
2013-09-19,THOM.NS,2.59452479338843,19.36,69.59
2005-01-17,XPRO.NS,2.5940366972477062,4.36,15.67
2019-06-27,OSGL.NS,2.5938759065269945,12.41,44.6
2008-03-05,KAMT.NS,2.591788604813207,186.57,670.12
2005-07-05,XPRO.NS,2.5904255319148937,5.64,20.25
2013-08-20,WHEL.NS,2.5887803967908454,160.79,577.04
2007-06-14,BRIT.NS,2.58466929478756,114.15,409.19
2020-04-21,KAMT.NS,2.5844930417495036,25.15,90.15
2007-10-22,TANE.BO,2.584450402144772,33.57,120.33
2013-01-25,TVEL.NS,2.5827814569536423,4.53,16.23
2026-03-11,OSGL.NS,2.5826210826210825,7.02,25.15
2007-02-02,WSTC.NS,2.582108626198083,15.65,56.06
2015-04-22,XPRO.NS,2.5820642978003385,5.91,21.17
2019-07-04,MDRD.BO,2.5818181818181816,1.1,3.94
2007-01-31,OSGL.NS,2.5813734713076197,10.63,38.07
2021-02-08,CHPC.NS,2.5804571940833707,22.31,79.88
2008-12-02,CEMI.NS,2.5804289544235925,7.46,26.71
2019-03-29,VENK.NS,2.578780962192598,2251.94,8059.2
2012-07-16,WHEL.NS,2.578712555768005,47.07,168.45
2022-07-19,HEGL.NS,2.5773007071272325,196.57,703.19
2014-05-14,CEMI.NS,2.577142857142857,3.5,12.52
2012-07-09,OSGL.NS,2.5769042968749996,40.96,146.51
2006-05-30,CHPC.NS,2.576470588235294,37.4,133.76
2013-12-20,ARTI.NS,2.575618171362852,17.39,62.18
2006-01-05,KAMT.NS,2.57375523499302,42.98,153.6
2007-08-31,WHEL.NS,2.573635427394439,48.55,173.5
2020-04-20,MDRD.BO,2.572881355932203,2.95,10.54
2021-02-09,CHPC.NS,2.5727341011517275,79.88,285.39
2024-07-24,SEAM.NS,2.5726280157966346,1506.65,5382.7
2009-11-23,CHPC.NS,2.571884984025559,147.11,525.46
2008-12-01,WRRN.BO,2.5708061002178653,9.18,32.78
2005-08-23,JKIN.NS,2.5697278911564623,17.64,62.97
2015-09-09,WIPR.NS,2.5693376855849217,94.97,338.98
2008-01-30,VSTI.NS,2.568807339449541,4.36,15.56
2021-09-01,AEGS.NS,2.5687399678972715,249.2,889.33
2015-11-26,CHPC.NS,2.5677821894498014,141.04,503.2
2010-04-28,BRIT.NS,2.567248322147651,37.25,132.88
2010-07-05,VSTI.NS,2.566949706074461,30.62,109.22
2010-11-03,CHPC.NS,2.5668276972624797,49.68,177.2
2015-06-05,TAJG.NS,2.565650280024891,64.28,229.2
2011-04-04,XPRO.NS,2.565491183879093,7.94,28.31
2014-03-19,MDRD.BO,2.564952048823016,11.47,40.89
2019-09-27,ASHT.NS,2.564223144306132,108.45,386.54
2022-09-29,GICH.NS,2.56388475348104,114.19,406.96
2009-11-12,CHPC.NS,2.5629813664596273,40.25,143.41
2018-04-16,WRRN.BO,2.5624086021505375,116.25,414.13
2022-04-12,WRRN.BO,2.5621645796064403,22.36,79.65
2014-09-08,WSTC.NS,2.561743806414442,52.07,185.46
2009-07-24,BOB.NS,2.5613154960981044,17.94,63.89
2019-12-19,VENK.NS,2.559657726358984,1686.37,6002.9
2005-07-20,AEGS.NS,2.5578512396694215,4.84,17.22
2015-06-05,NALU.NS,2.557251908396947,6.55,23.3
2014-07-28,IMCL.NS,2.557127312295974,9.19,32.69
2021-10-08,CHPC.NS,2.5555555555555554,33.03,117.44
2020-09-30,VSTI.NS,2.5546896743668244,251.51,894.04
2011-12-20,JAAO.NS,2.5531914893617023,32.43,115.23
2021-12-01,BOB.NS,2.5512517713745866,21.17,75.18
2022-12-08,WHEL.NS,2.5497046384005033,572.18,2031.07
2020-04-20,XPRO.NS,2.5481283422459895,11.22,39.81
2017-10-13,TVEL.NS,2.5475550327676024,119.02,422.23
2018-12-03,MDRD.BO,2.5457809694793534,5.57,19.75
2018-09-10,BOB.NS,2.542866131823187,127.14,450.44
2021-09-17,NALU.NS,2.538553259141494,75.48,267.09
2020-03-06,VSTI.NS,2.5374038685621065,300.37,1062.53
2011-11-02,TVEL.NS,2.5373134328358207,5.36,18.96
2019-01-29,WIPR.NS,2.5372754859345523,121.93,431.3
2009-09-18,BOB.NS,2.536697247706422,19.62,69.39
2005-07-26,MDRD.BO,2.5359628770301628,8.62,30.48
2022-11-11,BOB.NS,2.535323858977862,146.36,517.43
2017-11-17,MDRD.BO,2.53528773072747,9.21,32.56
2025-06-02,JAAO.NS,2.532956468235656,260.04,918.71
2022-08-12,NALU.NS,2.5320512820512824,18.72,66.12
2026-04-09,ASHT.NS,2.530881852230167,293.7,1037.02
2015-11-09,VSTI.NS,2.529704613342184,30.13,106.35
2012-12-24,TANE.BO,2.528559935639582,24.86,87.72
2025-01-08,TAJG.NS,2.5284436745013577,427.16,1507.21
2019-01-10,VSTI.NS,2.528182099721276,64.58,227.85
2008-01-03,JAAO.NS,2.527728482697427,45.08,159.03
2016-09-15,NALU.NS,2.5265998457979952,25.94,91.48
2013-03-14,ASHT.NS,2.5264353133205595,140.91,496.91
2019-07-22,HEGL.NS,2.5264273034415625,174.63,615.82
2024-07-04,JKIN.NS,2.526131544106097,445.63,1571.35
2013-01-02,VSTI.NS,2.5249554367201426,112.2,395.5
2012-06-18,BRIT.NS,2.524616441493016,218.35,769.6
2008-11-26,ARTI.NS,2.524173027989822,3.93,13.85
2014-05-29,VENK.NS,2.5231742017072403,316.3,1114.38
2014-10-08,CEMI.NS,2.5230918813806515,41.14,144.94
2017-11-13,WHEL.NS,2.5227662696143036,804.26,2833.22
2016-02-04,GICH.NS,2.52184103984658,46.93,165.28
2013-10-03,HEGL.NS,2.52109280835677,24.89,87.64
2022-04-07,ARTI.NS,2.5210539693298313,236.06,831.18
2019-01-10,MDRD.BO,2.5190476190476185,4.2,14.78
2005-07-06,KAMT.NS,2.518171806167401,54.48,191.67
2021-05-06,JKIN.NS,2.518029275258836,112.04,394.16
2021-01-01,TVEL.NS,2.5176931064781534,125.19,440.38
2017-01-17,JKIN.NS,2.5170369133121766,119.74,421.13
2009-03-06,AEGS.NS,2.5113636363636362,2.64,9.27
2009-12-17,WSTC.NS,2.5112414467253177,51.15,179.6
2009-06-15,JAAO.NS,2.5094339622641506,19.61,68.82
2013-12-30,BRIT.NS,2.5083122653796064,391.59,1373.82
2015-12-22,VENK.NS,2.5075607192900513,342.56,1201.55
2019-04-05,BOB.NS,2.5074997781130737,112.67,395.19
2007-07-11,BOB.NS,2.507227332457293,38.05,133.45
2019-12-06,TANE.BO,2.5065543071161054,21.36,74.9
2024-01-16,GENS.NS,2.5058973091320005,141.59,496.4
2006-05-17,XPRO.NS,2.505137912385073,18.49,64.81
2014-04-15,THOM.NS,2.5030338052585956,34.61,121.24
2023-02-10,VSTI.NS,2.5017502442201236,245.68,860.31
2012-06-05,JAAO.NS,2.5014743463731084,50.87,178.12
2020-06-04,TVEL.NS,2.5002123142250534,23.55,82.43
2014-11-18,BRIT.NS,2.499402510860244,711.31,2489.16
2014-09-12,CHPC.NS,2.4982708535067086,72.29,252.89
2019-05-28,IMCL.NS,2.4970355731225298,10.12,35.39
2015-03-02,XPRO.NS,2.4933530280649925,6.77,23.65
2007-03-06,TVEL.NS,2.4919431279620854,10.55,36.84
2022-12-30,HEGL.NS,2.4915091962711013,198.45,692.89
2012-09-08,VSTI.NS,2.4907836474101535,97.11,338.99
2022-10-13,MDRD.BO,2.4900662251655628,3.02,10.54
2007-01-03,KAMT.NS,2.4886633556467284,46.31,161.56
2009-07-10,WIPR.NS,2.488519134775374,30.05,104.83
2025-09-25,ASHT.NS,2.486330935251799,326.65,1138.81
2020-03-17,AEGS.NS,2.485272815065186,41.42,144.36
2010-05-04,IMCL.NS,2.48460661345496,8.77,30.56
2017-03-21,AEGS.NS,2.4842970822281165,188.5,656.79
2021-08-25,VSTI.NS,2.4842432142309465,260.84,908.83
2014-05-08,WIPR.NS,2.4837364470391994,23.98,83.54
2018-05-08,GICH.NS,2.482878222274478,340.21,1184.91
2011-01-31,GICH.NS,2.4828282828282826,19.8,68.96
2008-08-22,GENS.NS,2.482236458940011,17.17,59.79
2023-10-04,VSTI.NS,2.481865284974093,82.99,288.96
2009-02-03,CEMI.NS,2.4818435754189943,7.16,24.93
2026-02-25,WRRN.BO,2.481818181818182,42.9,149.37
2026-04-09,CHPC.NS,2.481335555892307,989.85,3446.0
2023-12-29,XPRO.NS,2.4799071082390953,297.12,1033.95
2007-02-14,WRRN.BO,2.4791052114060963,40.68,141.53
2011-08-04,TANE.BO,2.477901340176789,35.07,121.97
2021-03-09,JKIN.NS,2.4762752075919336,33.72,117.22
2020-01-29,ASHT.NS,2.4752429959977134,87.45,303.91
2024-08-13,JAAO.NS,2.4751763382969294,293.47,1019.86
2023-09-05,CHPC.NS,2.474255420240566,399.89,1389.32
2021-03-02,MDRD.BO,2.472743521000894,11.19,38.86
2021-03-16,GICH.NS,2.4723496088481256,111.21,386.16
2006-06-21,TAJG.NS,2.471540633824914,159.35,553.19
2026-05-20,WRRN.BO,2.4711286089238844,45.72,158.7
2025-07-10,GICH.NS,2.468334927212836,188.22,652.81
2013-06-24,OSGL.NS,2.465819721718088,16.53,57.29
2025-07-03,OSGL.NS,2.465262700825011,46.06,159.61
2015-08-27,THOM.NS,2.4641670621737064,21.07,72.99
2015-01-06,HEGL.NS,2.46085409252669,39.34,136.15
2007-04-09,OSGL.NS,2.46039603960396,30.3,104.85
2017-04-20,CHPC.NS,2.4603349645047903,290.18,1004.12
2013-12-17,MDRD.BO,2.46,2.5,8.65
2022-03-25,SEAM.NS,2.458549719496844,1199.63,4148.98
2019-01-25,OSGL.NS,2.4585492227979273,15.44,53.4
2009-08-21,WRRN.BO,2.458094144661309,26.13,90.36
2014-11-24,ARTI.NS,2.457887469796341,57.94,200.35
2026-04-21,CHPC.NS,2.457272327618275,295.71,1022.35
2015-11-03,ARTI.NS,2.4572691552062866,101.8,351.95
2015-03-03,BRIT.NS,2.4570025372695494,918.31,3174.6
2015-05-20,GENS.NS,2.456921754084265,58.15,201.02
2009-06-01,OSGL.NS,2.4565853658536585,20.5,70.86
2013-08-13,JAAO.NS,2.4564047362755654,9.29,32.11
2006-05-10,XPRO.NS,2.4563953488372094,20.64,71.34
2018-10-01,SEAM.NS,2.4556116250817683,214.02,739.57
2009-07-01,HEGL.NS,2.4552941176470586,25.5,88.11
2023-08-25,VSTI.NS,2.4552798615118285,86.65,299.4
2019-10-17,GICH.NS,2.454002079002079,76.96,265.82
2019-10-30,BRIT.NS,2.4538906299753642,2983.45,10304.51
2016-09-21,OSGL.NS,2.4531808434596143,27.98,96.62
2011-05-17,CHPC.NS,2.452614171225035,157.22,542.82
2012-01-06,ASHT.NS,2.4490849964930175,156.83,540.92
2009-05-06,CEMI.NS,2.448398576512455,2.81,9.69
2006-10-20,OSGL.NS,2.4471955533097525,39.58,136.44
2007-06-28,ASHT.NS,2.4467456035871926,713.65,2459.77
2008-11-17,WSTC.NS,2.4453398738612475,28.54,98.33
2016-02-19,IMCL.NS,2.444256756756757,11.84,40.78
2013-03-01,TAJG.NS,2.444146841027257,63.47,218.6
2010-09-08,CHPC.NS,2.4426371344523274,173.37,596.85
2020-09-10,HLVL.NS,2.442424242424242,4.95,17.04
2017-09-15,SEAM.NS,2.4412278512602943,40.07,137.89
2009-12-01,WSTC.NS,2.4408668730650156,16.15,55.57
2006-04-04,WRRN.BO,2.4403191162933413,65.18,224.24
2010-07-16,VENK.NS,2.439699070271691,304.39,1047.01
2025-09-03,BRIT.NS,2.4378341678689637,5891.5,20254.0
2010-12-01,XPRO.NS,2.43768115942029,10.35,35.58
2026-05-29,WHEL.NS,2.43522188449848,1645.0,5650.94
2023-06-06,IMCL.NS,2.434817170111288,25.16,86.42
2006-09-20,TANE.BO,2.434207042626423,37.77,129.71
2012-08-30,JKIN.NS,2.433962264150944,17.49,60.06
2011-09-06,TAJG.NS,2.431381844038872,84.38,289.54
2023-02-10,JKIN.NS,2.431355536274444,149.83,514.12
2006-12-27,WSTC.NS,2.4312267657992566,16.14,55.38
2021-08-25,GICH.NS,2.430810678422729,122.49,420.24
2021-04-30,BOB.NS,2.4305870057481274,57.41,196.95
2007-10-08,SEAM.NS,2.429819970692903,191.08,655.37
2017-10-19,JAAO.NS,2.42978040417305,411.21,1410.36
2024-10-01,ARTI.NS,2.4292408622305532,170.72,585.44
2009-12-03,XPRO.NS,2.4280510018214936,5.49,18.82
2009-04-02,WIPR.NS,2.4267928286852594,20.08,68.81
2006-04-21,GENS.NS,2.4265402843601898,2.11,7.23
2025-07-07,XPRO.NS,2.4239941229656417,353.92,1211.82
2026-03-30,TANE.BO,2.4238334858188475,218.6,748.45
2012-06-06,TAJG.NS,2.423396674584323,16.84,57.65
2014-04-01,TVEL.NS,2.423076923076923,12.74,43.61
2005-02-02,NALU.NS,2.42297511911064,18.89,64.66
2006-03-06,WRRN.BO,2.4227421109902068,18.38,62.91
2013-05-15,WIPR.NS,2.42203481069442,55.73,190.71
2024-08-14,ASHT.NS,2.4192055534130352,181.51,620.62
2008-05-15,ARTI.NS,2.4178743961352662,4.14,14.15
2005-05-18,WSTC.NS,2.416751787538304,29.37,100.35
2005-12-15,SEAM.NS,2.4160999134413252,80.87,276.26
2014-06-13,ARTI.NS,2.415235457063712,36.1,123.29
2013-04-29,HLVL.NS,2.4150588235294115,21.25,72.57
2017-10-31,ARTI.NS,2.4139879901095025,56.62,193.3
2017-05-23,WRRN.BO,2.413921113689095,129.3,441.42
2019-03-26,WIPR.NS,2.4118332847566304,34.31,117.06
2019-04-12,WSTC.NS,2.4114311542096396,243.37,830.24
2015-10-16,GENS.NS,2.4102699841185813,75.56,257.68
2022-02-10,ARTI.NS,2.410046050849425,258.41,881.19
2006-09-05,TAJG.NS,2.4099967682861148,185.66,633.1
2020-05-06,TAJG.NS,2.408605255558764,34.63,118.04
2010-09-22,VSTI.NS,2.407911802853437,30.84,105.1
2017-12-14,XPRO.NS,2.407407407407408,33.48,114.08
2022-03-17,BOB.NS,2.4054492377554335,92.49,314.97
2016-09-26,THOM.NS,2.4045323047251688,20.74,70.61
2009-08-25,ASHT.NS,2.403848797250859,291.0,990.52
2007-08-02,XPRO.NS,2.4034188034188033,17.55,59.73
2008-09-16,ASHT.NS,2.4030068023609754,377.81,1285.69
2018-01-05,WSTC.NS,2.4027051397655543,277.25,943.4
2015-01-16,AEGS.NS,2.402442192777345,38.49,130.96
2020-09-28,WRRN.BO,2.40241145440844,13.27,45.15
2007-08-10,CHPC.NS,2.4022490336183666,170.74,580.9
2018-04-20,CHPC.NS,2.4016383112791435,79.35,269.92
2023-12-05,BOB.NS,2.4014520984593593,56.47,192.08
2019-07-30,HLVL.NS,2.4009009009009006,2.22,7.55
2023-08-17,HEGL.NS,2.4008633980881897,97.29,330.87
2016-08-05,HLVL.NS,2.4005555555555556,18.0,61.21
2013-05-07,WHEL.NS,2.400212646194259,159.89,543.66
2015-11-03,HEGL.NS,2.39939713639789,26.54,90.22
2020-05-04,TVEL.NS,2.398941289701636,20.78,70.63
2014-04-04,TANE.BO,2.3985651654045435,25.09,85.27
2023-03-24,BRIT.NS,2.3984799425242107,4064.32,13812.51
2025-03-11,BOB.NS,2.3976969379743522,191.05,649.13
2010-06-29,HEGL.NS,2.3973765432098766,12.96,44.03
2010-12-06,THOM.NS,2.397196261682243,19.26,65.43
2022-06-20,HEGL.NS,2.396245458215583,49.54,168.25
2017-01-17,OSGL.NS,2.39550313306303,27.13,92.12
2019-07-31,AEGS.NS,2.394783290841341,50.99,173.1
2024-09-27,TAJG.NS,2.393530910380857,310.09,1052.3
2014-03-21,WIPR.NS,2.3933528122717314,27.38,92.91
2023-12-06,BRIT.NS,2.3927773563370383,1436.87,4874.98
2020-09-04,HEGL.NS,2.3924894787957274,154.45,523.97
2023-11-13,JKIN.NS,2.3898741702169817,100.93,342.14
2015-08-19,VSTI.NS,2.3898635477582846,30.78,104.34
2016-02-24,TAJG.NS,2.3882799941546105,68.43,231.86
2025-10-20,BRIT.NS,2.3882410730732517,1791.49,6070.0
2006-01-09,XPRO.NS,2.3877221324717284,6.19,20.97
2010-07-05,BRIT.NS,2.3871766029246344,44.45,150.56
2005-08-23,HLVL.NS,2.3869150779896016,46.16,156.34
2010-07-13,WIPR.NS,2.3858480374504865,55.54,188.05
2022-07-21,TAJG.NS,2.3854553903345725,43.04,145.71
2021-07-28,GICH.NS,2.3852859595826184,151.42,512.6
2010-11-10,THOM.NS,2.3849955076370164,22.26,75.35
2011-11-23,WIPR.NS,2.3843936190659236,52.03,176.09
2022-05-05,ASHT.NS,2.383966244725739,23.7,80.2
2015-05-20,ARTI.NS,2.383434650455927,65.8,222.63
2022-11-18,WSTC.NS,2.3833257898071873,552.35,1868.78
2011-11-01,ASHT.NS,2.3833187518226895,171.45,580.07
2013-01-09,HLVL.NS,2.38255033557047,29.8,100.8
2017-02-22,NALU.NS,2.3785563751317174,37.96,128.25
2017-08-11,CEMI.NS,2.3780397936624906,149.27,504.24
2025-09-17,HEGL.NS,2.375528799219004,153.65,518.65
2017-08-08,TAJG.NS,2.3749611487536515,160.87,542.93
2005-03-23,JAAO.NS,2.3717791411042946,24.45,82.44
2006-11-24,AEGS.NS,2.3717201166180755,6.86,23.13
2009-11-16,WHEL.NS,2.3710217755443885,11.94,40.25
2013-04-29,IMCL.NS,2.3703703703703702,7.29,24.57
2018-01-31,KAMT.NS,2.3699678933069888,40.49,136.45
2015-08-28,GENS.NS,2.369759942672877,55.82,188.1
2013-10-15,AEGS.NS,2.3666666666666663,3.6,12.12
2015-04-22,CHPC.NS,2.3659818442427136,62.79,211.35
2025-06-18,ASHT.NS,2.3650551065393093,340.25,1144.96
2020-08-28,JAAO.NS,2.3647292494250474,95.66,321.87
2016-06-07,THOM.NS,2.364386976164512,64.19,215.96
2020-02-01,TANE.BO,2.3630999213217936,25.42,85.49
2012-03-21,GENS.NS,2.3595015576323988,128.4,431.36
2010-02-06,HEGL.NS,2.357293868921776,47.3,158.8
2008-03-24,HEGL.NS,2.3567433188315725,32.18,108.02
2016-01-12,NALU.NS,2.356570890249647,21.23,71.26
2009-09-11,BOB.NS,2.3559577677224737,19.89,66.75
2011-07-27,VSTI.NS,2.3552857142857144,70.0,234.87
2020-01-30,WRRN.BO,2.354297269969666,49.45,165.87
2021-10-19,SEAM.NS,2.3535974169919527,1245.06,4175.43
2012-05-18,THOM.NS,2.3534524384355384,20.71,69.45
2011-04-29,WHEL.NS,2.3534231609613983,54.92,184.17
2017-01-02,NALU.NS,2.3520257579822914,37.27,124.93
2017-09-26,HLVL.NS,2.35,6.0,20.1
2006-09-21,TAJG.NS,2.3490230448007425,193.97,649.61
2017-03-16,WSTC.NS,2.347883020515059,45.82,153.4
2015-11-27,JAAO.NS,2.346924671734623,14.47,48.43
2020-07-02,IMCL.NS,2.346692111959288,47.16,157.83
2025-12-09,ARTI.NS,2.3464114832535885,104.5,349.7
2015-04-08,ASHT.NS,2.34613880742913,102.3,342.31
2025-06-06,JAAO.NS,2.345149008796114,76.17,254.8
2017-04-13,WHEL.NS,2.345021574089246,183.09,612.44
2011-08-19,KAMT.NS,2.3446862996158777,78.1,261.22
2006-05-31,XPRO.NS,2.344300822561692,17.02,56.92
2026-05-14,VENK.NS,2.338894285593614,473.54,1581.1
2025-09-04,TAJG.NS,2.338719558891101,130.58,435.97
2020-07-03,OSGL.NS,2.338383838383838,11.88,39.66
2018-10-25,CEMI.NS,2.33838161486308,113.57,379.14
2005-08-18,WHEL.NS,2.3380611200467905,68.39,228.29
2008-07-17,JAAO.NS,2.3374505928853755,20.24,67.55
2006-01-27,KAMT.NS,2.3364946197337226,54.83,182.94
2014-07-30,KAMT.NS,2.335657894736842,76.0,253.51
2018-04-30,CHPC.NS,2.335347432024169,79.44,264.96
2017-06-08,CEMI.NS,2.335165876777251,52.75,175.93
2006-04-18,JAAO.NS,2.3333333333333335,9.66,32.2
2025-12-01,CEMI.NS,2.3332776259087273,837.71,2792.32
2008-09-08,ARTI.NS,2.3315789473684214,1.9,6.33
2012-11-27,TVEL.NS,2.3310185185185186,4.32,14.39
2014-06-12,XPRO.NS,2.330465389127884,25.57,85.16
2011-07-13,GICH.NS,2.329914757591902,75.08,250.01
2008-07-25,MDRD.BO,2.3283435582822083,40.75,135.63
2019-07-24,THOM.NS,2.328081692195478,68.55,228.14
2026-01-20,BOB.NS,2.327154878326131,87.94,292.59
2013-07-19,WIPR.NS,2.327119184193754,62.76,208.81
2018-12-14,VSTI.NS,2.3271168596781475,66.49,221.22
2021-07-08,HLVL.NS,2.326732673267327,10.1,33.6
2006-05-09,TANE.BO,2.3266602178575932,237.77,790.98
2007-12-24,WRRN.BO,2.326057298772169,14.66,48.76
2007-07-11,TAJG.NS,2.324219623035089,134.23,446.21
2019-10-03,ASHT.NS,2.3241799437675725,106.7,354.69
2005-09-23,IMCL.NS,2.323489932885906,7.45,24.76
2024-10-10,VSTI.NS,2.323311748381129,108.1,359.25
2020-02-03,BOB.NS,2.322972972972973,22.2,73.77
2024-01-20,TANE.BO,2.3227078265246206,119.21,396.1
2010-08-11,MDRD.BO,2.319444444444444,39.6,131.45
2013-11-11,GENS.NS,2.318828680897646,109.62,363.81
2024-11-11,ARTI.NS,2.317242253878345,473.14,1569.52
2008-12-04,WIPR.NS,2.317204301075269,5.58,18.51
2023-11-12,ASHT.NS,2.317133443163097,60.7,201.35
2020-09-29,HEGL.NS,2.3169351951306836,139.65,463.21
2015-04-29,CHPC.NS,2.3145000000000002,20.0,66.29
2011-04-06,BOB.NS,2.314493758668516,144.2,477.95
2015-03-18,NALU.NS,2.312525171163915,24.83,82.25
2016-08-19,TANE.BO,2.3119190249948365,48.41,160.33
2020-11-10,GICH.NS,2.310105800802627,27.41,90.73
2012-04-17,IMCL.NS,2.3098882912701693,24.17,80.0
2006-10-21,TANE.BO,2.307926376725545,134.74,445.71
2015-12-03,WSTC.NS,2.3072891072891073,61.05,201.91
2025-12-12,THOM.NS,2.3030374940673943,42.14,139.19
2006-01-13,OSGL.NS,2.3027977222084677,40.39,133.4
2018-05-22,SEAM.NS,2.3026334122892576,71.77,237.03
2014-01-21,ASHT.NS,2.3020385262764167,106.94,353.12
2007-07-13,WHEL.NS,2.3019461372125027,50.87,167.97
2025-08-14,SEAM.NS,2.3009931425869,845.8,2791.98
2019-11-25,ASHT.NS,2.3001496259351617,100.25,330.84
2013-08-07,MDRD.BO,2.2991026919242277,10.03,33.09
2018-10-09,TAJG.NS,2.298274760383386,156.5,516.18
2012-01-30,BRIT.NS,2.298114195914091,190.9,629.61
2007-10-30,NALU.NS,2.2970323985842636,36.73,121.1
2014-03-25,BRIT.NS,2.296096643998452,361.74,1192.33
2009-01-09,WSTC.NS,2.2960314622810154,27.97,92.19
2015-10-05,SEAM.NS,2.295966785290629,118.02,388.99
2025-06-23,TAJG.NS,2.295905102372441,123.08,405.66
2015-10-07,JAAO.NS,2.295192958700068,14.77,48.67
2023-12-06,WRRN.BO,2.2947869259412497,48.34,159.27
2010-07-30,TAJG.NS,2.2936860827034242,44.98,148.15
2023-08-02,HLVL.NS,2.2935560859188544,4.19,13.8
2014-08-26,AEGS.NS,2.293515358361775,8.79,28.95
2017-01-20,NALU.NS,2.2930312730854467,40.61,133.73
2016-03-29,CEMI.NS,2.292432746274434,103.34,340.24
2014-09-23,BOB.NS,2.2922422954303934,47.05,154.9
2010-06-29,TAJG.NS,2.2909102490604494,156.99,516.64
2021-03-01,OSGL.NS,2.2907801418439715,5.64,18.56
2013-12-31,BOB.NS,2.28957491825351,103.98,342.05
2005-05-27,WRRN.BO,2.289225727161,48.82,160.58
2013-01-31,CHPC.NS,2.2864504395271292,32.99,108.42
2012-05-16,OSGL.NS,2.2858349760630814,35.51,116.68
2007-04-17,TANE.BO,2.2856884385742715,165.81,544.8
2014-12-23,CEMI.NS,2.28521373510862,14.27,46.88
2020-10-20,WSTC.NS,2.2843182875756165,150.43,494.06
2018-10-22,TVEL.NS,2.2839744742045656,222.52,730.75
2024-11-27,CEMI.NS,2.2830912189579617,492.88,1618.17
2013-09-04,TVEL.NS,2.283062645011601,4.31,14.15
2023-09-05,GICH.NS,2.282704329705951,172.76,567.12
2006-02-16,HLVL.NS,2.2813575996064928,60.99,200.13
2026-06-01,IMCL.NS,2.280578693555458,114.05,374.15
2016-08-16,BRIT.NS,2.279653186419247,1439.39,4720.7
2020-11-06,TANE.BO,2.2773041006902153,24.63,80.72
2013-05-28,SEAM.NS,2.277006638503319,16.57,54.3
2012-10-03,AEGS.NS,2.2768656716417905,13.4,43.91
2025-11-12,TANE.BO,2.2765699261806045,98.89,324.02
2014-02-13,WIPR.NS,2.2760736196319016,27.71,90.78
2023-02-07,BRIT.NS,2.2759632331867206,4431.17,14516.35
2008-08-04,SEAM.NS,2.2750470051034117,37.23,121.93
2009-07-15,TAJG.NS,2.274877650897227,24.52,80.3
2009-06-12,ARTI.NS,2.2722772277227725,2.02,6.61
2024-10-30,ARTI.NS,2.2715003505491933,513.48,1679.85
2016-09-30,WHEL.NS,2.2703471826977806,175.7,574.6
2013-04-01,BOB.NS,2.269983918266957,105.71,345.67
2012-11-05,CHPC.NS,2.269861787809486,100.57,328.85
2005-03-22,MDRD.BO,2.269230769230769,1.04,3.4
2009-06-26,HEGL.NS,2.2684189565909993,25.11,82.07
2014-05-02,JAAO.NS,2.2682047584715215,13.87,45.33
2015-02-12,XPRO.NS,2.264705882352941,7.48,24.42
2013-08-29,WRRN.BO,2.264147596239134,169.11,552.0
2010-09-20,IMCL.NS,2.260439560439561,9.1,29.67
2013-04-29,BRIT.NS,2.25912149454591,239.27,779.81
2009-08-14,CHPC.NS,2.2575207468879666,38.56,125.61
2017-05-29,HLVL.NS,2.2572614107883817,7.23,23.55
2012-09-25,TANE.BO,2.2560386473429954,8.28,26.96
2006-11-02,THOM.NS,2.2554567502021023,12.37,40.27
2016-09-30,IMCL.NS,2.254814814814815,13.5,43.94
2011-06-03,MDRD.BO,2.254429482636428,14.11,45.92
2005-05-12,JKIN.NS,2.2538405267008046,13.67,44.48
2020-02-07,VSTI.NS,2.2536600244001623,98.36,320.03
2017-09-05,GENS.NS,2.2504725897920603,264.5,859.75
2020-05-27,NALU.NS,2.2498786996603592,20.61,66.98
2015-02-25,WHEL.NS,2.246244741118756,658.41,2137.36
2005-12-27,WSTC.NS,2.245818181818182,13.75,44.63
2005-08-17,HLVL.NS,2.2457591178965224,47.16,153.07
2005-05-18,WRRN.BO,2.243731406714832,47.06,152.65
2017-05-05,GENS.NS,2.242969396195203,48.36,156.83
2017-07-03,CHPC.NS,2.2429321266968327,276.25,895.86
2013-07-12,WHEL.NS,2.2427444794952685,63.4,205.59
2024-06-04,JAAO.NS,2.2426403641881634,65.9,213.69
2016-01-27,MDRD.BO,2.2414285714285715,14.0,45.38
2013-06-28,MDRD.BO,2.2400430570505927,9.29,30.1
2023-06-21,ASHT.NS,2.2398106904231625,179.6,581.87
2012-08-22,NALU.NS,2.2397476340694005,25.36,82.16
2023-12-08,TANE.BO,2.2396646761598533,87.08,282.11
2013-08-19,HLVL.NS,2.2394366197183104,4.97,16.1
2023-05-18,TVEL.NS,2.2372446723848265,113.09,366.1
2005-09-15,HLVL.NS,2.2370426829268295,52.48,169.88
2021-09-27,IMCL.NS,2.2363187313141815,76.93,248.97
2025-12-30,BOB.NS,2.2355221158230734,87.72,283.82
2018-10-05,BRIT.NS,2.2348599005862755,2488.59,8050.24
2016-03-15,WRRN.BO,2.2327981651376145,130.8,422.85
2016-05-26,ASHT.NS,2.232442229270503,110.35,356.7
2015-06-10,VSTI.NS,2.2303757623450715,101.66,328.4
2006-10-13,GENS.NS,2.230132450331126,6.04,19.51
2012-05-14,MDRD.BO,2.229376257545272,4.97,16.05
2020-03-17,TANE.BO,2.227758007117438,5.62,18.14
2023-01-18,WSTC.NS,2.227528145271003,507.19,1636.97
2025-07-28,XPRO.NS,2.227170608108108,1184.0,3820.97
2021-03-26,JKIN.NS,2.22625,104.0,335.53
2016-01-19,GICH.NS,2.2241448692152916,49.7,160.24
2008-10-14,BOB.NS,2.2236662106703142,43.86,141.39
2022-07-29,JAAO.NS,2.222271062271062,68.25,219.92
2005-08-22,ARTI.NS,2.2209302325581395,2.58,8.31
2026-03-09,TANE.BO,2.219931792345586,263.9,849.74
2015-12-15,JAAO.NS,2.219838056680162,49.4,159.06
2020-04-29,THOM.NS,2.217476489028213,25.52,82.11
2009-09-23,WSTC.NS,2.2174185463659146,15.96,51.35
2009-07-03,IMCL.NS,2.2159141707644165,22.37,71.94
2025-01-09,TANE.BO,2.2158697413983646,407.19,1309.47
2006-07-13,JKIN.NS,2.2146643109540634,11.32,36.39
2012-02-14,TVEL.NS,2.214285714285714,17.92,57.6
2005-01-24,THOM.NS,2.2141280353200883,9.06,29.12
2023-03-28,IMCL.NS,2.2139756944444446,23.04,74.05
2020-08-27,HLVL.NS,2.2121212121212124,1.65,5.3
2014-07-10,BRIT.NS,2.21133923967562,426.66,1370.15
2010-03-16,JAAO.NS,2.2104915869350052,30.31,97.31
2024-10-10,JKIN.NS,2.209867599300525,400.3,1284.91
2008-04-24,JKIN.NS,2.209816612729234,18.54,59.51
2020-08-21,GICH.NS,2.2063057703747773,84.05,269.49
2022-09-14,WSTC.NS,2.2043183666094497,553.45,1773.43
2012-04-23,KAMT.NS,2.2041635314773016,39.87,127.75
2010-10-01,BRIT.NS,2.2025044722719143,55.9,179.02
2024-10-25,ASHT.NS,2.2022963367960635,54.87,175.71
2019-08-09,CEMI.NS,2.2017148014440435,22.16,70.95
2022-07-20,XPRO.NS,2.199889771275396,798.34,2554.6
2019-11-27,AEGS.NS,2.199299143397486,179.78,575.17
2018-12-17,JKIN.NS,2.1987600291757836,27.42,87.71
2010-12-30,TAJG.NS,2.198739216987392,120.56,385.64
2009-09-11,CEMI.NS,2.1986479459178367,19.23,61.51
2007-04-02,WRRN.BO,2.197114145838701,38.81,124.08
2019-10-22,BOB.NS,2.196213201919336,77.11,246.46
2009-06-30,JKIN.NS,2.1952830188679244,10.6,33.87
2016-05-09,KAMT.NS,2.1932551319648095,34.1,108.89
2006-02-14,HLVL.NS,2.1908580593424216,62.35,198.95
2013-01-01,MDRD.BO,2.190697674418605,4.3,13.72
2017-06-05,CHPC.NS,2.1875726092873506,301.27,960.32
2009-12-18,IMCL.NS,2.1867167919799497,7.98,25.43
2022-11-22,CEMI.NS,2.1862222222222223,112.5,358.45
2005-07-14,WHEL.NS,2.1859227936161507,73.31,233.56
2021-01-11,TAJG.NS,2.1858529819694867,43.26,137.82
2022-01-27,VSTI.NS,2.1831844368372715,239.54,762.5
2017-07-18,JAAO.NS,2.18314507848027,136.34,433.99
2017-02-28,VSTI.NS,2.1826620345239385,184.22,586.31
2009-11-26,HEGL.NS,2.18125,12.8,40.72
2023-05-10,ASHT.NS,2.1802822500496917,50.31,160.0
2026-04-30,TAJG.NS,2.17809021675454,102.42,325.5
2021-09-15,VSTI.NS,2.178033022254128,83.58,265.62
2011-08-23,GENS.NS,2.1778233694355644,209.59,666.04
2009-02-27,CHPC.NS,2.1774936061381074,19.55,62.12
2024-01-15,AEGS.NS,2.1773992151266497,112.12,356.25
2016-09-15,XPRO.NS,2.176895306859206,11.08,35.2
2025-07-30,GENS.NS,2.176770386266094,186.4,592.15
2019-04-26,CEMI.NS,2.1765789473684207,38.0,120.71
2025-01-31,OSGL.NS,2.176470588235294,14.62,46.44
2008-12-01,JAAO.NS,2.174863387978142,3.66,11.62
2013-07-15,ASHT.NS,2.173822975517891,106.2,337.06
2013-11-01,THOM.NS,2.172456575682382,8.06,25.57
2014-01-17,OSGL.NS,2.1720116618075798,24.01,76.16
2021-07-19,HLVL.NS,2.171875,3.2,10.15
2011-08-25,AEGS.NS,2.171129980404964,15.31,48.55
2010-07-14,WHEL.NS,2.1701466015104396,22.51,71.36
2021-12-15,BRIT.NS,2.170106288619731,3371.01,10686.46
2018-10-31,SEAM.NS,2.1700680272108843,73.5,233.0
2007-06-29,OSGL.NS,2.1694117647058824,34.0,107.76
2015-12-04,VSTI.NS,2.169042189281642,35.08,111.17
2007-02-01,BOB.NS,2.1689429928741095,33.68,106.73
2014-04-28,OSGL.NS,2.168582375478927,7.83,24.81
2011-04-15,ARTI.NS,2.168498168498169,2.73,8.65
2025-07-28,WHEL.NS,2.1681388973499844,787.92,2496.24
2005-06-01,TAJG.NS,2.16735066119471,21.93,69.46
2009-05-26,BOB.NS,2.1673448626653102,19.66,62.27
2023-12-15,BOB.NS,2.1671050595698595,64.63,204.69
2006-06-27,THOM.NS,2.1666666666666665,3.48,11.02
2005-11-10,BOB.NS,2.1652726664436264,29.89,94.61
2009-08-18,NALU.NS,2.164878599661208,35.42,112.1
2005-01-31,HEGL.NS,2.1642728904847397,11.14,35.25
2024-06-11,VSTI.NS,2.1637526652452026,117.25,370.95
2015-06-11,WRRN.BO,2.1631656082071324,40.94,129.5
2011-05-19,SEAM.NS,2.1626543855976554,95.54,302.16
2025-07-04,SEAM.NS,2.162378167641325,872.1,2757.91
2012-02-07,WIPR.NS,2.1616,18.75,59.28
2020-03-11,XPRO.NS,2.161290322580645,4.03,12.74
2007-07-11,VSTI.NS,2.1590909090909087,5.28,16.68
2005-08-08,NALU.NS,2.158342792281498,17.62,55.65
2006-08-22,MDRD.BO,2.1575129533678754,9.65,30.47
2018-05-28,IMCL.NS,2.1566640685892438,12.83,40.5
2016-07-29,IMCL.NS,2.1564774381368266,13.74,43.37
2024-03-05,THOM.NS,2.154947106409459,160.7,507.0
2018-03-22,SEAM.NS,2.154828239112794,184.85,583.17
2022-07-29,OSGL.NS,2.1547619047619047,8.4,26.5
2023-08-02,BRIT.NS,2.1534233501067335,4693.94,14801.98
2011-04-19,HLVL.NS,2.151560178306092,13.46,42.42
2025-07-21,WRRN.BO,2.1514163090128755,58.25,183.57
2009-04-28,WRRN.BO,2.1510597302504815,51.9,163.54
2025-11-10,SEAM.NS,2.1499006203698126,830.15,2614.89
2015-07-14,WIPR.NS,2.1479493235988834,93.14,293.2
2018-01-15,JKIN.NS,2.146394183533111,50.89,160.12
2009-07-30,GENS.NS,2.145956607495069,45.63,143.55
2019-02-19,SEAM.NS,2.145808659034084,303.96,956.2
2021-03-03,CEMI.NS,2.1440040779915894,78.47,246.71
2021-02-16,TVEL.NS,2.143295019157088,130.5,410.2
2016-10-05,BRIT.NS,2.143240847151535,1522.75,4786.37
2016-06-02,JAAO.NS,2.1427258101585847,87.02,273.48
2011-03-14,WHEL.NS,2.1425076452599385,16.35,51.38
2019-11-22,THOM.NS,2.141942990110529,17.19,54.01
2019-03-01,BRIT.NS,2.1415055152997646,866.68,2722.68
2008-08-20,TANE.BO,2.139163224995511,55.69,174.82
2011-09-21,IMCL.NS,2.138522427440633,7.58,23.79
2015-12-10,TANE.BO,2.1370106761565837,16.86,52.89
2021-11-01,CHPC.NS,2.1351149317884506,107.02,335.52
2015-06-02,GICH.NS,2.1336098615411583,171.17,536.38
2022-04-08,OSGL.NS,2.1330891330891335,8.19,25.66
2018-11-15,CHPC.NS,2.1330263157894738,76.0,238.11
2007-08-24,TVEL.NS,2.1327920377160816,38.18,119.61
2014-03-24,KAMT.NS,2.1325389550870764,54.55,170.88
2015-02-19,HEGL.NS,2.132183908045977,12.18,38.15
2015-10-01,GENS.NS,2.130047505938242,16.84,52.71
2008-10-03,CEMI.NS,2.1283316880552814,20.26,63.38
2022-04-22,TVEL.NS,2.1276153187324116,81.73,255.62
2013-06-05,WSTC.NS,2.126657824933687,15.08,47.15
2025-01-17,BRIT.NS,2.1258668267129406,1532.89,4791.61
2022-02-10,AEGS.NS,2.1254853238080447,64.39,201.25
2010-11-05,HLVL.NS,2.123470732166384,53.13,165.95
2005-01-19,KAMT.NS,2.122653316645807,39.95,124.75
2012-12-17,WIPR.NS,2.1222155328115595,16.61,51.86
2023-02-02,ASHT.NS,2.1219312602291325,24.44,76.3
2020-12-01,WSTC.NS,2.121557203389831,151.04,471.48
2016-12-13,HEGL.NS,2.1214953271028034,8.56,26.72
2024-05-02,OSGL.NS,2.121104185218165,11.23,35.05
2012-12-27,WHEL.NS,2.120636211189593,196.79,614.11
2023-05-31,GICH.NS,2.120147118921128,48.94,152.7
2021-10-11,CHPC.NS,2.1193801089918254,117.44,366.34
2015-01-05,WRRN.BO,2.1188246097337005,163.35,509.46
2024-08-07,THOM.NS,2.118129695531831,202.32,630.86
2019-02-27,WHEL.NS,2.1172500876885305,712.75,2221.82
2018-02-01,JAAO.NS,2.116335087875814,112.09,349.31
2023-08-31,THOM.NS,2.1148740178813332,36.91,114.97
2012-10-08,WSTC.NS,2.1145748987854254,24.7,76.93
2020-09-23,OSGL.NS,2.1137931034482755,11.6,36.12
2013-05-28,OSGL.NS,2.1133968891118915,19.93,62.05
2020-02-11,XPRO.NS,2.112704918032787,4.88,15.19
2006-05-26,HLVL.NS,2.1119379354021537,63.16,196.55
2010-10-26,SEAM.NS,2.110928849702686,48.77,151.72
2007-11-02,GENS.NS,2.110294117647059,10.88,33.84
2017-08-07,MDRD.BO,2.1100702576112416,4.27,13.28
2005-09-19,ASHT.NS,2.1091773426798808,124.11,385.88
2015-04-27,AEGS.NS,2.1089266737513284,18.82,58.51
2020-01-08,AEGS.NS,2.108905704307334,171.8,534.11
2016-04-25,OSGL.NS,2.1076923076923073,24.05,74.74
2005-12-14,KAMT.NS,2.1071875782619585,39.93,124.07
2020-04-03,ASHT.NS,2.107074569789675,20.92,65.0
2013-11-20,BOB.NS,2.106756756756757,103.6,321.86
2014-04-09,SEAM.NS,2.106665462427746,110.72,343.97
2006-03-10,GENS.NS,2.105555555555555,1.8,5.59
2010-05-11,JAAO.NS,2.1050282653972032,33.61,104.36
2006-03-03,XPRO.NS,2.1045627376425853,5.26,16.33
2007-06-11,KAMT.NS,2.1045381441857214,143.01,443.98
2022-09-30,SEAM.NS,2.1044827290648835,350.01,1086.6
2007-02-05,ASHT.NS,2.1042463482449385,766.07,2378.07
2012-06-27,MDRD.BO,2.104089219330855,5.38,16.7
2006-04-10,VENK.NS,2.103271692745377,70.3,218.16
2016-02-04,SEAM.NS,2.102876480541455,88.65,275.07
2017-03-31,VENK.NS,2.1019931453751686,980.36,3041.07
2009-12-14,AEGS.NS,2.101694915254237,2.95,9.15
2011-02-28,SEAM.NS,2.0997320631140224,100.77,312.36
2017-09-28,WHEL.NS,2.0993817504655494,671.25,2080.46
2014-05-22,MDRD.BO,2.0993413830954997,18.22,56.47
2014-05-07,HEGL.NS,2.098391932406651,36.69,113.68
2014-10-09,XPRO.NS,2.09765625,7.68,23.79
2017-02-01,JAAO.NS,2.096556981323847,78.71,243.73
2021-05-11,HLVL.NS,2.096446700507614,1.97,6.1
2008-10-15,NALU.NS,2.0961695191524043,12.27,37.99
2010-08-25,HEGL.NS,2.0959641255605383,44.6,138.08
2010-01-21,JAAO.NS,2.093250901597115,38.82,120.08
2011-04-04,JAAO.NS,2.0908326324642554,11.89,36.75
2007-05-23,BRIT.NS,2.090532384469867,111.01,343.08
2005-01-12,JKIN.NS,2.0902036857419977,10.31,31.86
2017-06-06,IMCL.NS,2.0894808743169397,14.64,45.23
2017-07-10,AEGS.NS,2.0893732341578732,173.43,535.79
2022-06-03,BRIT.NS,2.0880167208546214,1076.5,3324.25
2009-10-14,OSGL.NS,2.08780487804878,6.15,18.99
2006-02-13,THOM.NS,2.085648148148148,4.32,13.33
2011-02-28,HEGL.NS,2.085550690468171,29.69,91.61
2018-06-27,NALU.NS,2.0845107273678702,38.22,117.89
2010-09-15,TVEL.NS,2.084425597532768,25.94,80.01
2022-12-08,VSTI.NS,2.083509067903838,94.84,292.44
2012-06-06,KAMT.NS,2.083392786365438,126.15,388.97
2011-02-01,KAMT.NS,2.0820476858345023,28.52,87.9
2012-05-23,TANE.BO,2.0813143046797213,30.13,92.84
2013-03-20,BOB.NS,2.080222181751958,109.82,338.27
2012-03-12,WSTC.NS,2.08,13.75,42.35
2022-04-27,VSTI.NS,2.0791050250641887,81.79,251.84
2019-05-20,WRRN.BO,2.0787177203918077,56.15,172.87
2008-07-15,GENS.NS,2.0787088215785987,45.23,139.25
2006-12-05,WRRN.BO,2.077955271565495,15.65,48.17
2013-11-22,VSTI.NS,2.0773246329526915,30.65,94.32
2026-04-06,THOM.NS,2.0756530825496338,95.7,294.34
2015-04-21,BOB.NS,2.0747944656105872,149.61,460.02
2018-07-25,HEGL.NS,2.0743141773845815,672.55,2067.63
2021-09-30,WHEL.NS,2.072234826205081,714.06,2193.76
2009-08-18,WSTC.NS,2.0721336370539105,13.17,40.46
2023-04-03,TVEL.NS,2.071365665522791,329.29,1011.37
2011-02-08,CHPC.NS,2.0709609292502638,47.35,145.41
2019-10-17,GENS.NS,2.0706521739130435,20.24,62.15
2010-09-22,TANE.BO,2.0696055684454757,12.93,39.69
2008-03-17,ARTI.NS,2.068702290076336,3.93,12.06
2022-11-22,HEGL.NS,2.068511000852002,199.53,612.26
2022-07-25,JKIN.NS,2.066678227694442,115.33,353.68
2017-11-03,WRRN.BO,2.0663617463617463,120.25,368.73
2022-11-23,JAAO.NS,2.0648828149945717,156.59,479.93
2013-05-10,WIPR.NS,2.0646203554119547,18.57,56.91
2011-11-09,WRRN.BO,2.064542821679768,72.51,222.21
2022-11-14,SEAM.NS,2.0643574686261066,335.47,1028.0
2009-07-10,ARTI.NS,2.0640776699029124,5.15,15.78
2008-12-30,ASHT.NS,2.0639844256975994,77.05,236.08
2011-08-12,MDRD.BO,2.0625850340136056,14.7,45.02
2021-05-24,MDRD.BO,2.061919504643963,3.23,9.89
2023-05-12,CEMI.NS,2.0587496072887217,127.32,389.44
2012-07-27,TANE.BO,2.058660325009909,25.23,77.17
2021-12-21,SEAM.NS,2.0577338178638755,365.99,1119.1
2013-04-29,WRRN.BO,2.057225940963459,182.26,557.21
2016-12-16,GICH.NS,2.056633606439558,69.57,212.65
2015-01-07,AEGS.NS,2.0565428109854604,12.38,37.84
2011-11-24,XPRO.NS,2.0558219178082195,29.2,89.23
2024-12-23,NALU.NS,2.055811648079306,201.75,616.51
2010-04-21,ASHT.NS,2.055463277244168,138.47,423.09
2008-11-25,XPRO.NS,2.054263565891473,2.58,7.88
2019-07-25,JAAO.NS,2.0542534388688236,130.13,397.45
2024-11-25,CEMI.NS,2.0535920676440176,164.39,501.98
2014-05-16,WIPR.NS,2.0527292981804677,26.93,82.21
2020-04-16,WSTC.NS,2.0522015433499767,44.06,134.48
2013-10-15,TANE.BO,2.052160953800298,6.71,20.48
2012-06-25,WIPR.NS,2.0516245487364624,55.4,169.06
2010-03-03,VSTI.NS,2.0507246376811596,24.84,75.78
2024-10-03,JAAO.NS,2.0504591559210317,312.53,953.36
2017-02-21,KAMT.NS,2.0504403522818255,12.49,38.1
2017-02-03,TAJG.NS,2.0503813265541946,129.81,395.97
2012-01-09,AEGS.NS,2.049689440993789,3.22,9.82
2023-09-29,HLVL.NS,2.049327354260089,6.69,20.4
2022-12-20,CEMI.NS,2.0477447216890594,41.68,127.03
2010-01-14,HLVL.NS,2.047115192653224,50.09,152.63
2015-11-26,HLVL.NS,2.0466321243523313,19.3,58.8
2010-06-16,THOM.NS,2.0466165413533837,6.65,20.26
2018-05-22,THOM.NS,2.0464753587024327,32.06,97.67
2020-12-02,VENK.NS,2.046427200906372,1641.71,5001.35
2011-05-04,TVEL.NS,2.045394446892904,22.69,69.1
2021-02-26,VSTI.NS,2.0451698614537865,263.45,802.25
2016-08-22,AEGS.NS,2.044019316493313,107.68,327.78
2023-05-11,WSTC.NS,2.0437948028673834,178.56,543.5
2005-01-17,TVEL.NS,2.043632075471698,59.36,180.67
2019-03-13,WSTC.NS,2.042345276872964,248.67,756.54
2014-01-03,GENS.NS,2.042126894425893,77.86,236.86
2023-09-28,TVEL.NS,2.0420462508759636,114.16,347.28
2016-07-04,MDRD.BO,2.040506329113924,3.95,12.01
2008-10-22,VSTI.NS,2.0403726708074528,3.22,9.79
2005-10-14,JAAO.NS,2.0392857142857146,11.2,34.04
2009-12-04,BRIT.NS,2.038717067583047,43.65,132.64
2017-03-27,BRIT.NS,2.038557618451191,1445.11,4391.05
2013-06-25,BRIT.NS,2.038408380010184,274.94,835.38
2022-02-23,CEMI.NS,2.0379973178363877,22.37,67.96
2021-06-14,WSTC.NS,2.0369917040663674,73.53,223.31
2013-07-10,VENK.NS,2.03555272830082,282.96,858.94
2021-07-16,IMCL.NS,2.0355208464542134,79.39,240.99
2016-06-22,VENK.NS,2.0351122169188587,393.88,1195.47
2009-08-31,OSGL.NS,2.0348101265822782,6.32,19.18
2025-04-02,CEMI.NS,2.034782608695652,182.85,554.91
2018-06-01,OSGL.NS,2.034574468085107,7.52,22.82
2009-10-22,KAMT.NS,2.0338323353293415,66.8,202.66
2007-09-06,IMCL.NS,2.033536585365854,6.56,19.9
2017-03-23,GENS.NS,2.033510638297872,188.0,570.3
2017-04-17,TANE.BO,2.0334680679062247,61.85,187.62
2011-11-21,WIPR.NS,2.030321046373365,16.82,50.97
2018-07-30,ARTI.NS,2.0303209293167948,253.95,769.55
2005-04-07,OSGL.NS,2.0292887029288704,9.56,28.96
2022-05-10,AEGS.NS,2.0290292270411947,202.21,612.5
2016-03-22,TAJG.NS,2.0289550986151914,23.83,72.18
2006-08-24,AEGS.NS,2.028688524590164,7.32,22.17
2020-12-18,CHPC.NS,2.0283259070655633,31.42,95.15
2005-01-07,HEGL.NS,2.0275150472914873,11.63,35.21
2021-01-07,AEGS.NS,2.0269558676028083,79.76,241.43
2015-05-27,ARTI.NS,2.0248917748917745,64.68,195.65
2013-11-28,KAMT.NS,2.0238721804511277,53.2,160.87
2016-10-04,GENS.NS,2.0237693206909992,76.99,232.8
2023-01-12,WIPR.NS,2.023619047619048,183.75,555.59
2020-09-24,HEGL.NS,2.0222707423580784,45.8,138.42
2019-01-03,BOB.NS,2.02212389380531,33.9,102.45
2008-10-20,MDRD.BO,2.0219251336898396,18.7,56.51
2023-03-03,BOB.NS,2.0216958462066597,145.65,440.11
2010-08-13,GICH.NS,2.019883920894239,93.04,280.97
2008-01-09,XPRO.NS,2.019578760011866,33.71,101.79
2009-04-13,CEMI.NS,2.0188679245283017,3.18,9.6
2007-06-01,AEGS.NS,2.0188087774294674,6.38,19.26
2015-04-16,AEGS.NS,2.0181035761982486,67.39,203.39
2018-05-16,TANE.BO,2.017570664629488,13.09,39.5
2015-12-10,VSTI.NS,2.017357488380916,105.43,318.12
2014-07-21,JAAO.NS,2.0169029443838604,18.34,55.33
2018-04-24,CHPC.NS,2.0163754258709745,272.97,823.38
2016-10-24,WHEL.NS,2.0163328197226504,194.7,587.28
2007-12-20,THOM.NS,2.0155374426897605,39.26,118.39
2017-01-02,CHPC.NS,2.0150629180895354,213.77,644.53
2011-11-02,WHEL.NS,2.0149700598802394,70.14,211.47
2018-09-07,HEGL.NS,2.0145745181006114,233.97,705.32
2008-05-23,VENK.NS,2.0133239831697054,28.52,85.94
2008-09-29,WRRN.BO,2.013109077417759,40.43,121.82
2021-10-05,IMCL.NS,2.012637586628618,24.53,73.9
2016-01-25,TVEL.NS,2.0119201030927836,31.04,93.49
2018-04-05,MDRD.BO,2.011851851851852,6.75,20.33
2012-06-26,CHPC.NS,2.006628273389112,92.03,276.7
2005-11-01,OSGL.NS,2.006045949214027,8.27,24.86
2009-06-29,BRIT.NS,2.005309033280507,126.2,379.27
2005-05-04,BRIT.NS,2.004115226337449,63.18,189.8
2011-10-26,BRIT.NS,2.003649056005077,63.03,189.32
2020-09-29,XPRO.NS,2.0028715003589377,13.93,41.83
2014-07-18,CHPC.NS,2.001721417300244,69.71,209.25
2009-08-20,TAJG.NS,2.0015460430959515,103.49,310.63
2008-10-24,ARTI.NS,2.0000000000000004,1.44,4.32
2008-10-27,WHEL.NS,1.9989594172736735,9.61,28.82
2017-12-20,GICH.NS,1.9988243805389763,110.58,331.61
2023-12-14,GENS.NS,1.9977550161358217,142.54,427.3
2009-02-02,WRRN.BO,1.997694081475788,39.03,117.0
2020-06-19,CHPC.NS,1.9964711813140648,59.51,178.32
2008-01-24,TAJG.NS,1.9964005759078551,125.02,374.61
2007-07-25,NALU.NS,1.9953095684803,10.66,31.93
2025-09-18,HEGL.NS,1.9950641087438545,518.65,1553.39
2013-07-04,GENS.NS,1.9944642151047849,25.29,75.73
2010-06-29,ASHT.NS,1.9941928902142352,127.43,381.55
2008-05-27,HEGL.NS,1.9936339522546418,37.7,112.86
2018-04-02,GICH.NS,1.9934930493936704,101.43,303.63
2015-05-11,VSTI.NS,1.9930270321902759,104.69,313.34
2012-08-03,KAMT.NS,1.9929060665362033,40.88,122.35
2019-10-30,VENK.NS,1.9927595226135009,577.31,1727.75
2012-06-26,TAJG.NS,1.99120082815735,19.32,57.79
2012-07-26,HLVL.NS,1.9903381642512077,31.05,92.85
2013-08-21,BRIT.NS,1.9902140877058212,299.41,895.3
2018-08-24,GENS.NS,1.9891867871426454,67.51,201.8
2014-05-27,WSTC.NS,1.9880402853545953,47.66,142.41
2024-04-19,KAMT.NS,1.9871894541152608,295.85,883.76
2019-01-01,WRRN.BO,1.98592620768353,26.29,78.5
2006-12-05,IMCL.NS,1.9852507374631263,6.78,20.24
2010-08-23,GICH.NS,1.9852205800644516,89.99,268.64
2011-07-15,GICH.NS,1.9845465636437578,24.59,73.39
2018-02-23,CEMI.NS,1.9836397368864902,177.87,530.7
2005-08-22,SEAM.NS,1.9835403726708072,32.2,96.07
2005-08-11,OSGL.NS,1.9832935560859184,4.19,12.5
2014-10-14,ARTI.NS,1.9829382183908049,55.68,166.09
2026-03-20,VENK.NS,1.9827688651218067,437.58,1305.2
2012-04-19,SEAM.NS,1.9812734082397006,29.37,87.56
2020-09-21,KAMT.NS,1.9810568295114654,10.03,29.9
2020-12-15,WSTC.NS,1.9808082672079723,54.19,161.53
2006-10-05,VENK.NS,1.9807462488381353,75.31,224.48
2016-04-06,AEGS.NS,1.9805042016806724,29.75,88.67
2011-07-14,JKIN.NS,1.9797047970479702,5.42,16.15
2023-02-06,ASHT.NS,1.979575596816976,75.4,224.66
2009-01-22,XPRO.NS,1.9790209790209792,2.86,8.52
2011-05-10,HEGL.NS,1.978181818181818,11.0,32.76
2015-03-13,IMCL.NS,1.9781601588352085,15.11,45.0
2020-06-24,ASHT.NS,1.978021978021978,18.2,54.2
2009-07-01,BRIT.NS,1.9779275092936803,129.12,384.51
2007-12-31,SEAM.NS,1.9778803822613549,93.13,277.33
2005-08-30,THOM.NS,1.9766031195840559,11.54,34.35
2005-02-03,WRRN.BO,1.9755434782608696,51.52,153.3
2007-11-16,AEGS.NS,1.9754601226993866,3.26,9.7
2012-09-10,GENS.NS,1.9745804676753784,181.75,540.63
2023-07-25,VSTI.NS,1.9726338668247383,101.22,300.89
2022-11-10,WRRN.BO,1.9713552800342025,23.39,69.5
2009-11-24,HLVL.NS,1.9711538461538458,39.52,117.42
2010-07-21,JKIN.NS,1.969976905311778,8.66,25.72
2008-02-22,ASHT.NS,1.9678678180006641,602.2,1787.25
2011-10-14,MDRD.BO,1.9678030303030303,5.28,15.67
2010-11-24,BRIT.NS,1.966150456020077,163.37,484.58
2025-06-24,CEMI.NS,1.9660275479339053,800.06,2373.0
2007-03-27,WSTC.NS,1.9659280936454846,47.84,141.89
2013-12-03,VSTI.NS,1.9651641401465718,99.61,295.36
2015-09-11,THOM.NS,1.963926174496644,23.84,70.66
2020-07-30,IMCL.NS,1.963650425367363,51.72,153.28
2010-02-08,JKIN.NS,1.9634703196347028,26.28,77.88
2024-03-04,TVEL.NS,1.9633709981167606,106.2,314.71
2007-05-21,WSTC.NS,1.9627732913137677,50.77,150.42
2016-04-27,WSTC.NS,1.96249435155897,22.13,65.56
2010-07-29,JKIN.NS,1.9621965777954635,25.13,74.44
2018-07-06,CHPC.NS,1.961809207864714,247.18,732.1
2012-12-03,JKIN.NS,1.9607218683651806,18.84,55.78
2023-08-02,ARTI.NS,1.9599722642460922,158.64,469.57
2013-07-17,WIPR.NS,1.9585653455617424,61.06,180.65
2009-10-28,CEMI.NS,1.957645764576458,18.18,53.77
2022-12-28,HLVL.NS,1.9575510204081632,12.25,36.23
2014-02-13,CHPC.NS,1.9575,16.0,47.32
2021-05-27,HLVL.NS,1.9572413793103451,7.25,21.44
2007-11-23,WSTC.NS,1.9560214375788147,63.44,187.53
2023-04-10,TAJG.NS,1.9559127101150104,67.82,200.47
2007-08-21,CHPC.NS,1.955397301349325,53.36,157.7
2009-09-01,AEGS.NS,1.9551020408163264,2.45,7.24
2022-08-12,TAJG.NS,1.9549797868430723,54.42,160.81
2009-06-22,HLVL.NS,1.954887218045113,10.64,31.44
2021-10-29,ARTI.NS,1.95445819112628,843.84,2493.09
2014-12-17,THOM.NS,1.9523467002337709,55.61,164.18
2014-07-17,ARTI.NS,1.9521224086870679,40.52,119.62
2022-12-09,CHPC.NS,1.9515651767637445,64.21,189.52
2017-08-23,CEMI.NS,1.9512566641279512,157.56,465.0
2020-04-29,AEGS.NS,1.951140479064744,157.39,464.48
2009-12-09,KAMT.NS,1.9509713228492136,21.62,63.8
2005-09-29,AEGS.NS,1.9507575757575757,2.64,7.79
2018-08-23,VENK.NS,1.9500315619342268,2883.22,8505.59
2016-05-11,WRRN.BO,1.9476331360946748,135.2,398.52
2006-04-26,WHEL.NS,1.9472465685463867,60.47,178.22
2014-08-04,ARTI.NS,1.9464755077658302,41.85,123.31
2025-03-24,WRRN.BO,1.9462414578587701,43.9,129.34
2014-08-26,OSGL.NS,1.9461775797051764,29.17,85.94
2011-06-06,BOB.NS,1.9456221198156682,43.4,127.84
2005-08-26,BOB.NS,1.944530046224961,32.45,95.55
2006-12-27,CEMI.NS,1.9442616207322092,48.62,143.15
2018-12-18,GICH.NS,1.943342919126179,198.21,583.4
2020-09-01,AEGS.NS,1.9425955897228402,197.72,581.81
2008-11-11,ARTI.NS,1.9415584415584415,1.54,4.53
2023-10-20,GICH.NS,1.940403782264247,195.65,575.29
2013-12-13,ASHT.NS,1.9398026978055167,99.34,292.04
2006-03-08,GENS.NS,1.9384615384615387,1.95,5.73
2015-11-05,TANE.BO,1.93719806763285,60.03,176.32
2013-03-26,NALU.NS,1.9361078546307153,17.06,50.09
2016-10-18,THOM.NS,1.9360675512665861,24.87,73.02
2017-08-14,THOM.NS,1.9343396226415095,26.5,77.76
2017-08-16,VSTI.NS,1.9339858503111862,187.99,551.56
2026-05-13,HEGL.NS,1.9339224158858084,205.97,604.3
2018-06-29,CHPC.NS,1.9326907233481632,242.76,711.94
2022-04-08,WRRN.BO,1.931769722814499,28.14,82.5
2021-04-27,GICH.NS,1.9314733733835658,98.21,287.9
2024-07-12,WHEL.NS,1.930640697796616,285.47,836.61
2023-06-02,TVEL.NS,1.9296457219251337,119.68,350.62
2014-09-15,TAJG.NS,1.9292012670148107,116.81,342.16
2018-11-07,THOM.NS,1.9287368150244406,77.74,227.68
2025-12-24,WIPR.NS,1.9286011263559741,264.57,774.82
2018-08-14,ARTI.NS,1.9284800227498935,281.32,823.84
2020-09-16,GICH.NS,1.9283591944536154,30.29,88.7
2020-06-17,WRRN.BO,1.926931106471816,47.9,140.2
2022-09-01,HLVL.NS,1.926470588235294,3.4,9.95
2008-11-12,TANE.BO,1.9263639832125143,26.21,76.7
2011-05-23,BRIT.NS,1.9263231820213242,156.63,458.35
2025-03-10,BOB.NS,1.9252794365334558,65.31,191.05
2013-04-25,JAAO.NS,1.9233807266982619,12.66,37.01
2018-06-11,HEGL.NS,1.923235436725081,577.48,1688.11
2010-09-16,THOM.NS,1.9231722428748448,8.07,23.59
2023-08-02,GENS.NS,1.9215568261610994,99.69,291.25
2022-04-19,WHEL.NS,1.9214410765164258,582.62,1702.09
2012-03-01,MDRD.BO,1.9213250517598341,4.83,14.11
2012-11-02,THOM.NS,1.9205741626794262,20.9,61.04
2021-12-24,AEGS.NS,1.9202733485193626,70.24,205.12
2018-09-12,SEAM.NS,1.9188195870716678,92.51,270.02
2011-10-19,ASHT.NS,1.9168482816429173,59.65,173.99
2005-05-02,IMCL.NS,1.916820702402957,5.41,15.78
2010-03-29,THOM.NS,1.9167904903417532,6.73,19.63
2021-10-20,JAAO.NS,1.9163228468282618,77.56,226.19
2008-08-22,AEGS.NS,1.9158163265306123,7.84,22.86
2012-11-30,VENK.NS,1.9158138636802469,103.58,302.02
2014-03-20,OSGL.NS,1.9154362416107378,22.35,65.16
2015-07-01,MDRD.BO,1.9138755980861246,4.18,12.18
2007-06-25,AEGS.NS,1.9131832797427655,6.22,18.12
2006-01-13,VENK.NS,1.9129599121361887,36.42,106.09
2006-01-31,MDRD.BO,1.9128440366972472,4.36,12.7
2012-02-03,TANE.BO,1.9127659574468083,18.8,54.76
2005-04-25,BRIT.NS,1.9126617375231052,21.64,63.03
2018-02-20,SEAM.NS,1.912239935152661,185.05,538.91
2009-09-14,VSTI.NS,1.91218872870249,7.63,22.22
2008-09-03,ASHT.NS,1.9112206855081175,415.75,1210.34
2005-03-10,VENK.NS,1.9106536982583129,44.21,128.68
2005-03-07,AEGS.NS,1.9096209912536444,3.43,9.98
2012-03-19,VSTI.NS,1.9095613921593992,77.29,224.88
2009-10-26,WRRN.BO,1.9078540507111934,32.34,94.04
2014-06-04,JAAO.NS,1.9073692877727462,48.58,141.24
2012-05-23,TVEL.NS,1.906690140845071,5.68,16.51
2025-10-08,CEMI.NS,1.906655027340293,824.79,2397.38
2022-06-29,WRRN.BO,1.9056362083689153,23.42,68.05
2008-11-20,GENS.NS,1.9054684188215347,23.59,68.54
2009-12-31,OSGL.NS,1.9048898441698014,18.61,54.06
2005-05-31,XPRO.NS,1.9048316251830162,6.83,19.84
2013-01-25,GICH.NS,1.9047898912724066,34.03,98.85
2013-07-18,OSGL.NS,1.9034267912772584,16.05,46.6
2022-05-25,JKIN.NS,1.9029273066998842,112.39,326.26
2011-02-14,CEMI.NS,1.9026455026455027,18.9,54.86
2023-08-09,THOM.NS,1.9023540589042542,94.73,274.94
2015-05-11,IMCL.NS,1.9022961574507966,42.68,123.87
2026-06-08,IMCL.NS,1.9021969696969698,396.0,1149.27
2017-11-24,GICH.NS,1.9019607843137258,118.32,343.36
2018-10-10,OSGL.NS,1.9013994910941476,15.72,45.61
2025-09-17,HLVL.NS,1.900900900900901,12.21,35.42
2005-09-05,JAAO.NS,1.9008961518186611,37.94,110.06
2018-09-10,VSTI.NS,1.8996920740709493,237.07,687.43
2019-05-10,WIPR.NS,1.898435745827408,133.61,387.26
2009-04-17,BRIT.NS,1.8982078853046596,41.85,121.29
2005-11-21,THOM.NS,1.8980291345329907,11.67,33.82
2024-10-17,TVEL.NS,1.8978708047636235,415.65,1204.5
2005-02-28,GENS.NS,1.8975672215108834,7.81,22.63
2020-09-21,OSGL.NS,1.897174254317111,12.74,36.91
2012-02-28,CEMI.NS,1.8951285520974288,14.78,42.79
2015-08-11,KAMT.NS,1.894260307194826,61.85,179.01
2018-11-12,ASHT.NS,1.8938190273202866,51.61,149.35
2025-12-03,TVEL.NS,1.8934843662235536,534.1,1545.41
2006-09-06,GENS.NS,1.8933823529411762,5.44,15.74
2016-02-18,VSTI.NS,1.8924644676857065,37.29,107.86
2014-03-11,NALU.NS,1.8907793633369927,18.22,52.67
2014-07-31,TANE.BO,1.8903591682419658,37.03,107.03
2006-07-14,IMCL.NS,1.8902654867256632,5.65,16.33
2017-08-07,JAAO.NS,1.8888356492573068,166.96,482.32
2016-01-20,TANE.BO,1.8878805067120439,52.89,152.74
2015-11-26,AEGS.NS,1.8855676328502415,33.12,95.57
2015-06-18,MDRD.BO,1.883116883116883,3.85,11.1
2008-05-16,TVEL.NS,1.882838283828383,12.12,34.94
2024-04-02,WHEL.NS,1.8827069473972977,583.24,1681.31
2018-02-09,GENS.NS,1.8823117688231172,100.01,288.26
2006-08-28,JAAO.NS,1.8817603393425242,18.86,54.35
2010-07-07,TAJG.NS,1.881379962192817,148.12,426.79
2005-09-21,CHPC.NS,1.881283004107178,153.39,441.96
2025-09-04,MDRD.BO,1.8807121661721067,16.85,48.54
2019-09-20,OSGL.NS,1.8806244260789713,10.89,31.37
2019-07-12,AEGS.NS,1.879665314401623,197.2,567.87
2010-06-24,WRRN.BO,1.879474548440066,30.45,87.68
2009-02-16,TAJG.NS,1.8770604395604393,14.56,41.89
2010-04-08,WIPR.NS,1.8762384842690771,57.53,165.47
2016-08-18,ASHT.NS,1.875253256150506,103.65,298.02
2007-12-14,MDRD.BO,1.87513481126423,83.45,239.93
2015-05-07,WSTC.NS,1.8737607402511562,15.13,43.48
2006-12-29,WIPR.NS,1.8719253604749788,47.16,135.44
2014-10-23,HEGL.NS,1.8714464882943145,47.84,137.37
2025-10-20,VSTI.NS,1.8706624605678233,253.6,728.0
2018-12-27,VENK.NS,1.8700314137950564,2295.17,6587.21
2005-02-25,WSTC.NS,1.864836325237592,9.47,27.13
2017-07-04,TAJG.NS,1.8640569395017792,56.2,160.96
2008-03-07,NALU.NS,1.8640436306973118,51.34,147.04
2022-01-21,HLVL.NS,1.8629032258064515,3.72,10.65
2010-10-13,ASHT.NS,1.8622961513372474,306.6,877.58
2025-08-21,TVEL.NS,1.8620050125313283,399.0,1141.94
2018-07-30,WHEL.NS,1.8616277178333243,368.86,1055.54
2025-06-20,HEGL.NS,1.861618637608915,485.47,1389.23
2017-06-05,JAAO.NS,1.861374728850325,147.52,422.11
2025-11-27,WIPR.NS,1.8607714016933206,85.04,243.28
2006-03-16,WRRN.BO,1.8602045786653676,20.53,58.72
2013-02-01,TAJG.NS,1.8599913307325533,23.07,65.98
2021-06-08,JKIN.NS,1.8594827586206897,46.4,132.68
2016-03-02,IMCL.NS,1.858588413862889,39.53,113.0
2021-05-07,HEGL.NS,1.857681432610745,148.54,424.48
2012-06-11,WSTC.NS,1.856280193236715,41.4,118.25
2017-06-27,TVEL.NS,1.856035064059339,177.96,508.26
2022-01-25,THOM.NS,1.8559720746699044,65.89,188.18
2006-08-25,GENS.NS,1.8547486033519553,1.79,5.11
2009-01-15,TVEL.NS,1.8541525995948684,14.81,42.27
2023-05-15,BOB.NS,1.8531495067037693,158.12,451.14
2012-01-16,WHEL.NS,1.851851851851852,25.65,73.15
2013-10-23,ASHT.NS,1.8509587449157463,103.26,294.39
2009-08-17,IMCL.NS,1.8505603985056043,8.03,22.89
2019-06-17,THOM.NS,1.8477396021699817,27.65,78.74
2008-07-21,WRRN.BO,1.8475298126064734,11.74,33.43
2005-04-07,CHPC.NS,1.8470613470613468,46.62,132.73
2018-06-12,AEGS.NS,1.8454146924677857,225.83,642.58
2021-06-03,ARTI.NS,1.8454052771074805,252.79,719.29
2010-12-22,TAJG.NS,1.8450070989115006,42.26,120.23
2022-02-11,TANE.BO,1.844102211133098,116.23,330.57
2019-09-20,WSTC.NS,1.843888378310636,239.38,680.77
2011-02-01,THOM.NS,1.8436522826766728,15.99,45.47
2017-01-06,THOM.NS,1.8436177972283008,68.55,194.93
2020-10-19,WHEL.NS,1.8433454384165442,360.73,1025.68
2009-06-05,ARTI.NS,1.843220338983051,2.36,6.71
2024-07-03,SEAM.NS,1.8427518048102534,1295.15,3681.79
2015-10-06,HEGL.NS,1.8427331887201732,9.22,26.21
2023-05-02,HLVL.NS,1.842377260981912,3.87,11.0
2014-06-13,VENK.NS,1.841503768613273,326.38,927.41
2005-03-03,VENK.NS,1.8410983569660142,44.43,126.23
2007-07-13,CEMI.NS,1.8402994385527136,32.06,91.06
2011-09-05,IMCL.NS,1.839899413243923,23.86,67.76
2007-10-18,THOM.NS,1.8396694214876033,6.05,17.18
2022-04-07,VENK.NS,1.8393838373232532,2285.76,6490.15
2005-11-28,ASHT.NS,1.8384475970251861,160.01,454.18
2016-11-23,ASHT.NS,1.8380952380952382,36.75,104.3
2009-12-18,BOB.NS,1.8377649325626204,25.95,73.64
2025-06-03,SEAM.NS,1.835069016514666,324.56,920.15
2017-05-03,JKIN.NS,1.8342836778332146,56.12,159.06
2006-07-21,JAAO.NS,1.8339041095890414,5.84,16.55
2014-09-24,VSTI.NS,1.833893557422969,35.7,101.17
2005-07-12,AEGS.NS,1.8329177057356607,4.01,11.36
2013-12-02,MDRD.BO,1.8322580645161288,3.1,8.78
2023-10-26,JAAO.NS,1.8315546736740496,186.47,528.0
2008-11-10,TVEL.NS,1.8314606741573032,6.23,17.64
2025-10-24,JKIN.NS,1.8313813992160588,420.95,1191.87
2012-04-10,OSGL.NS,1.8297345928924877,44.46,125.81
2009-04-27,HEGL.NS,1.8292971057294745,16.93,47.9
2013-01-29,HLVL.NS,1.8292181069958846,9.72,27.5
2022-11-11,TANE.BO,1.8287381123631423,125.13,353.96
2013-12-27,WSTC.NS,1.8283828382838285,42.42,119.98
2015-06-25,HLVL.NS,1.8282828282828287,6.93,19.6
2011-01-20,ARTI.NS,1.828271028037383,8.56,24.21
2010-06-03,THOM.NS,1.8270676691729322,19.95,56.4
2015-03-26,VSTI.NS,1.8270199476123312,99.26,280.61
2023-10-11,JAAO.NS,1.8262835472578764,68.56,193.77
2008-07-04,GICH.NS,1.8252240717029453,31.24,88.26
2005-11-25,JAAO.NS,1.824142568930733,29.74,83.99
2020-06-10,VSTI.NS,1.8239159001314063,83.71,236.39
2010-08-04,CEMI.NS,1.8213961922030828,22.06,62.24
2021-02-11,WIPR.NS,1.8213836477987422,71.55,201.87
2023-08-29,HEGL.NS,1.8207843929468126,346.51,977.43
2015-02-03,VENK.NS,1.8207282913165264,85.68,241.68
2025-05-07,AEGS.NS,1.8201982492276008,776.8,2190.73
2023-05-24,THOM.NS,1.8201438848920866,22.24,62.72
2016-06-30,BRIT.NS,1.8187197670595974,425.86,1200.38
2021-04-30,ARTI.NS,1.8183788469874296,669.03,1885.58
2014-09-09,VENK.NS,1.8176254169102228,290.83,819.45
2021-11-04,VSTI.NS,1.8175569520816968,254.6,717.35
2022-09-19,WHEL.NS,1.816986855409504,632.96,1783.04
2014-05-23,ASHT.NS,1.8168442415017756,118.26,333.12
2025-05-30,MDRD.BO,1.816322837495476,55.26,155.63
2012-06-11,WHEL.NS,1.8162765703367567,167.48,471.67
2013-12-31,AEGS.NS,1.8162544169611308,5.66,15.94
2006-10-17,GICH.NS,1.8153717627401837,23.94,67.4
2005-05-13,CHPC.NS,1.815192258285519,116.77,328.73
2010-07-13,HLVL.NS,1.8151601134981759,49.34,138.9
2007-09-25,HEGL.NS,1.8148928696873905,28.47,80.14
2012-09-25,ASHT.NS,1.8139983909895414,62.15,174.89
2018-07-19,IMCL.NS,1.8139856274184631,36.18,101.81
2005-04-07,WHEL.NS,1.8134597156398105,52.75,148.41
2013-09-27,GICH.NS,1.8127372416701815,71.13,200.07
2013-11-22,WIPR.NS,1.8121064130574478,77.81,218.81
2005-08-25,TAJG.NS,1.8119257086999028,102.3,287.66
2009-12-31,GENS.NS,1.8118006103763986,39.32,110.56
2017-08-02,WIPR.NS,1.8104678826328309,100.88,283.52
2024-06-07,WHEL.NS,1.8104358708259567,655.24,1841.51
2009-04-09,KAMT.NS,1.8079927884615383,33.28,93.45
2024-05-23,OSGL.NS,1.80790273556231,32.9,92.38
2007-02-22,WRRN.BO,1.8061079545454546,14.08,39.51
2021-12-23,THOM.NS,1.8056071609525417,59.21,166.12
2007-03-20,GENS.NS,1.8052147239263805,6.52,18.29
2019-05-16,VENK.NS,1.8049502855933994,519.97,1458.49
2019-06-26,ARTI.NS,1.8044179561485048,365.78,1025.8
2025-10-06,ASHT.NS,1.8034530175706647,327.25,917.43
2012-06-29,CEMI.NS,1.801869158878505,21.4,59.96
2008-11-06,KAMT.NS,1.801623646960866,48.04,134.59
2016-05-09,VSTI.NS,1.8009169458649268,113.42,317.68
2019-06-17,NALU.NS,1.8001168907071885,34.22,95.82
2011-01-17,BRIT.NS,1.7989270812636597,150.99,422.61
2025-06-25,HLVL.NS,1.7979381443298972,4.85,13.57
2023-09-14,TAJG.NS,1.79727711901625,227.7,636.94
2022-01-04,TANE.BO,1.7966674172483676,44.41,124.2
2018-10-17,SEAM.NS,1.7959014451551765,84.42,236.03
2023-09-27,BRIT.NS,1.795408607188274,4482.3,12529.86
2024-07-01,VSTI.NS,1.7950584288191975,351.71,983.05
2011-10-26,IMCL.NS,1.7939999999999996,25.0,69.85
2020-03-02,HEGL.NS,1.793932350602483,163.49,456.78
2015-05-26,KAMT.NS,1.7935537190082642,60.5,169.01
2023-05-03,MDRD.BO,1.7935375577003776,23.83,66.57
2009-04-16,SEAM.NS,1.793203481143804,72.39,202.2
2010-09-17,GENS.NS,1.7920436344746982,231.01,644.99
2014-01-24,GENS.NS,1.7917730877806157,74.39,207.68
2012-05-22,IMCL.NS,1.791169977924945,22.65,63.22
2013-10-07,HLVL.NS,1.7902621722846441,5.34,14.9
2025-09-30,TANE.BO,1.7893600743210012,365.98,1020.85
2024-02-09,JAAO.NS,1.789194290432936,84.77,236.44
2011-02-10,WSTC.NS,1.7889497262319565,20.09,56.03
2025-01-01,WSTC.NS,1.7877789426389095,200.31,558.42
2025-12-03,BOB.NS,1.7875173852573019,287.6,801.69
2017-12-27,XPRO.NS,1.787492762015055,17.27,48.14
2021-11-30,MDRD.BO,1.7870370370370368,3.24,9.03
2015-07-22,IMCL.NS,1.7861754652487658,52.66,146.72
2019-06-27,BOB.NS,1.7855019656726436,104.29,290.5
2008-06-04,THOM.NS,1.7834525025536263,9.79,27.25
2024-06-28,JKIN.NS,1.783361875905678,151.82,422.57
2009-07-17,MDRD.BO,1.7815856777493608,19.55,54.38
2021-12-09,GICH.NS,1.7814822253464553,49.79,138.49
2013-05-23,BRIT.NS,1.7795341446075357,239.13,664.67
2006-03-02,ASHT.NS,1.779433132851441,543.69,1511.15
2005-06-29,BRIT.NS,1.7788603483909067,67.74,188.24
2011-03-14,HLVL.NS,1.7779251790925978,37.69,104.7
2018-11-01,ASHT.NS,1.7775738667645435,54.49,151.35
2022-03-16,CEMI.NS,1.7773566249176005,60.68,168.53
2020-10-20,WRRN.BO,1.776877234803337,41.95,116.49
2012-08-14,XPRO.NS,1.7764065335753174,27.55,76.49
2007-05-17,THOM.NS,1.7759067357512954,15.44,42.86
2011-11-22,MDRD.BO,1.774390243902439,4.92,13.65
2009-03-17,VSTI.NS,1.7734082397003745,10.68,29.62
2013-05-11,JAAO.NS,1.773333333333333,13.5,37.44
2009-05-22,HLVL.NS,1.7725975261655567,10.51,29.14
2015-09-28,VSTI.NS,1.7713136729222523,37.3,103.37
2024-11-08,SEAM.NS,1.7708006978729722,1346.95,3732.13
2008-05-08,WIPR.NS,1.770504330106979,39.26,108.77
2006-02-14,BRIT.NS,1.7699832975423528,41.91,116.09
2015-11-17,TANE.BO,1.7690972222222223,57.6,159.5
2007-10-26,NALU.NS,1.7686395080707151,13.01,36.02
2020-07-08,CHPC.NS,1.767933695341526,69.98,193.7
2013-05-08,ASHT.NS,1.7655753455029188,135.31,374.21
2005-10-28,OSGL.NS,1.7651966626936826,8.39,23.2
2010-05-19,WSTC.NS,1.7644912849614918,24.67,68.2
2017-10-18,WIPR.NS,1.7633834055852406,99.19,274.1
2015-06-23,HEGL.NS,1.7629377130461727,32.27,89.16
2005-03-03,TAJG.NS,1.7627929220468674,20.91,57.77
2007-09-11,BOB.NS,1.7622832369942194,13.84,38.23
2019-01-14,VENK.NS,1.7611645749257172,2254.9,6226.15
2014-08-20,AEGS.NS,1.7592087312414737,29.32,80.9
2009-11-10,BRIT.NS,1.7590539541759052,135.3,373.3
2011-05-05,ASHT.NS,1.7585183273102731,77.48,213.73
2012-11-16,KAMT.NS,1.7565084226646248,45.71,126.0
2015-09-22,HLVL.NS,1.756497948016416,7.31,20.15
2009-01-20,SEAM.NS,1.7563661390227114,14.53,40.05
2021-11-11,ASHT.NS,1.755606860158311,30.32,83.55
2007-03-07,BOB.NS,1.7545286506469502,27.05,74.51
2009-09-17,HLVL.NS,1.7544770308850244,38.53,106.13
2013-08-29,ASHT.NS,1.7543369890329013,100.3,276.26
2011-08-02,GICH.NS,1.7538200339558574,23.56,64.88
2025-11-25,TAJG.NS,1.7538044611215344,143.91,396.3
2012-09-24,HLVL.NS,1.7537653239929947,28.55,78.62
2011-11-29,SEAM.NS,1.7524911603985855,93.33,256.89
2010-08-31,THOM.NS,1.7514846962083142,21.89,60.23
2012-10-19,GICH.NS,1.7506019951840384,29.07,79.96
2016-06-02,BOB.NS,1.7502278942570646,43.88,120.68
2010-06-09,IMCL.NS,1.75,10.36,28.49
2017-07-06,OSGL.NS,1.7473684210526312,8.55,23.49
2010-06-28,WHEL.NS,1.7472966967856611,67.51,185.47
2023-11-12,VENK.NS,1.7472041896241337,733.24,2014.36
2019-05-30,KAMT.NS,1.7468749999999997,51.2,140.64
2015-01-13,VENK.NS,1.7462935809710003,245.52,674.27
2007-04-30,IMCL.NS,1.7459283387622149,6.14,16.86
2007-10-10,ARTI.NS,1.7459016393442623,3.66,10.05
2010-12-06,XPRO.NS,1.7443365695792883,12.36,33.92
2025-01-08,GICH.NS,1.7442889777270132,70.04,192.21
2023-04-03,KAMT.NS,1.7439872788709998,50.31,138.05
2007-12-18,JAAO.NS,1.7437033582089554,42.88,117.65
2021-08-24,ARTI.NS,1.7425016606203054,782.84,2146.94
2025-08-13,CEMI.NS,1.7424076300180977,757.01,2076.03
2008-03-17,WSTC.NS,1.7423900789177003,17.74,48.65
2008-10-23,TVEL.NS,1.7421874999999996,17.92,49.14
2020-10-09,CEMI.NS,1.7411907654921022,49.38,135.36
2008-12-08,CHPC.NS,1.7400314420465914,69.97,191.72
2011-06-27,HEGL.NS,1.7396928051738079,12.37,33.89
2022-06-23,WIPR.NS,1.7393026528378592,191.87,525.59
2017-08-14,VSTI.NS,1.7387820512820515,68.64,187.99
2008-07-04,SEAM.NS,1.73830313014827,121.4,332.43
2018-03-01,HLVL.NS,1.7379209370424595,6.83,18.7
2007-11-22,WIPR.NS,1.737576285963383,34.41,94.2
2016-04-28,WIPR.NS,1.7369526409744824,95.23,260.64
2022-03-16,JKIN.NS,1.7368002122578936,37.69,103.15
2007-05-04,OSGL.NS,1.7360248447204967,38.64,105.72
2020-05-26,AEGS.NS,1.7344505874222529,57.88,158.27
2017-07-28,IMCL.NS,1.734412470023981,16.68,45.61
2007-11-27,ARTI.NS,1.7338501291989665,3.87,10.58
2024-02-16,IMCL.NS,1.7328105830266178,187.47,512.32
2022-02-16,VSTI.NS,1.7317804428044283,86.72,236.9
2008-07-07,BOB.NS,1.7317757009345796,10.7,29.23
2020-05-14,BOB.NS,1.7309417040358746,37.91,103.53
2019-07-22,KAMT.NS,1.730851825340014,13.97,38.15
2021-08-26,HLVL.NS,1.7308176100628931,7.95,21.71
2022-05-25,ASHT.NS,1.7301365068253411,28.57,78.0
2026-03-30,MDRD.BO,1.7297885572139307,32.16,87.79
2006-02-14,WRRN.BO,1.729550102249489,78.24,213.56
2026-01-28,VSTI.NS,1.7293736501079913,231.5,631.85
2007-08-08,AEGS.NS,1.7292576419213974,2.29,6.25
2009-10-07,BOB.NS,1.729246001523229,26.26,71.67
2006-03-28,JKIN.NS,1.729151817533856,14.03,38.29
2022-01-17,SEAM.NS,1.72831814823935,406.1,1107.97
2006-06-28,HEGL.NS,1.728135593220339,14.75,40.24
2022-11-23,MDRD.BO,1.7265400115141047,17.37,47.36
2024-01-11,XPRO.NS,1.7260139424574183,417.43,1137.92
2023-08-09,TAJG.NS,1.724139190126702,273.87,746.06
2007-11-30,KAMT.NS,1.7237890096678856,199.63,543.75
2020-08-18,BOB.NS,1.721881390593047,14.67,39.93
2025-11-04,OSGL.NS,1.7203389830508478,14.16,38.52
2024-04-02,TANE.BO,1.7195557318524397,151.26,411.36
2015-07-13,OSGL.NS,1.7194372894788983,50.47,137.25
2010-11-30,VENK.NS,1.718807734942727,162.38,441.48
2014-01-29,NALU.NS,1.7185185185185188,6.75,18.35
2007-09-25,JAAO.NS,1.7178035663741862,35.33,96.02
2015-05-22,VENK.NS,1.7175614294314014,182.73,496.58
2015-01-13,JAAO.NS,1.717166494312306,19.34,52.55
2018-08-13,VENK.NS,1.7168466178250141,1066.03,2896.24
2011-11-11,JAAO.NS,1.716030534351145,13.1,35.58
2025-07-09,WIPR.NS,1.715582450832072,257.79,700.05
2023-04-18,JAAO.NS,1.7153065062053403,159.54,433.2
2014-04-29,WRRN.BO,1.7139947628746,171.85,466.4
2009-05-18,MDRD.BO,1.713815789473684,6.08,16.5
2009-12-14,ARTI.NS,1.7137254901960786,2.55,6.92
2017-12-19,ARTI.NS,1.7137166378966935,75.31,204.37
2011-10-03,TVEL.NS,1.71319018404908,6.52,17.69
2009-04-23,BOB.NS,1.71255453223461,41.26,111.92
2018-03-20,CHPC.NS,1.7125482625482626,103.6,281.02
2016-04-13,JKIN.NS,1.7123863790530462,73.71,199.93
2009-01-07,AEGS.NS,1.7120000000000002,1.25,3.39
2009-06-25,THOM.NS,1.7109330280480828,17.47,47.36
2016-04-27,JKIN.NS,1.710860879041046,27.53,74.63
2021-04-19,TVEL.NS,1.7107162687395894,126.07,341.74
2020-12-17,IMCL.NS,1.7098825831702542,20.44,55.39
2020-05-29,WRRN.BO,1.70848182466144,14.03,38.0
2012-07-09,TVEL.NS,1.707993474714519,6.13,16.6
2022-10-18,CEMI.NS,1.707791095890411,116.8,316.27
2011-07-04,NALU.NS,1.7071013393985344,39.57,107.12
2022-06-01,CEMI.NS,1.7067340067340067,59.4,160.78
2012-07-11,OSGL.NS,1.7064125676023694,38.83,105.09
2019-07-12,MDRD.BO,1.7050359712230216,1.39,3.76
2006-04-17,THOM.NS,1.704989154013015,4.61,12.47
2016-05-17,JAAO.NS,1.7048721071863584,82.1,222.07
2022-12-01,HLVL.NS,1.7047619047619045,5.25,14.2
2005-05-09,WRRN.BO,1.7044324324324323,46.25,125.08
2016-04-06,TANE.BO,1.7041306436119115,20.82,56.3
2008-08-25,BOB.NS,1.703835227272727,14.08,38.07
2009-05-08,OSGL.NS,1.7030162412993044,12.93,34.95
2023-07-04,THOM.NS,1.7019783024888322,78.35,211.7
2011-07-04,GENS.NS,1.7019544614416615,254.29,687.08
2008-02-12,TAJG.NS,1.7017199017199012,40.7,109.96
2019-06-12,TANE.BO,1.7014767932489452,9.48,25.61
2024-11-22,WRRN.BO,1.7014528703047485,56.44,152.47
2009-10-14,WHEL.NS,1.7002583979328163,15.48,41.8
2016-08-29,VENK.NS,1.7001395029910387,422.93,1141.97
2020-01-08,ARTI.NS,1.6998216814391358,381.34,1029.55
2020-06-24,WHEL.NS,1.6996743794880644,463.73,1251.92
2016-01-07,XPRO.NS,1.6994687579053882,39.53,106.71
2012-04-05,BOB.NS,1.699294532627866,45.36,122.44
2010-09-30,OSGL.NS,1.6987577639751552,16.1,43.45
2013-03-13,MDRD.BO,1.6984505363528006,8.39,22.64
2005-05-18,HEGL.NS,1.6981132075471699,6.36,17.16
2014-10-20,XPRO.NS,1.696937697993664,9.47,25.54
2019-03-22,WIPR.NS,1.6960939451986343,120.07,323.72
2024-01-03,HEGL.NS,1.6956999487217055,136.51,367.99
2018-11-12,WRRN.BO,1.6952552552552551,83.25,224.38
2015-01-21,NALU.NS,1.6947241240434958,24.83,66.91
2005-09-15,GICH.NS,1.6933575978161968,21.98,59.2
2005-08-26,NALU.NS,1.6926605504587156,6.54,17.61
2012-03-06,ASHT.NS,1.6916511483550587,64.44,173.45
2018-08-23,ASHT.NS,1.6893899204244036,226.2,608.34
2012-01-13,GICH.NS,1.6887404934149508,53.91,144.95
2025-07-25,TVEL.NS,1.6877227081308717,154.35,414.85
2024-05-31,MDRD.BO,1.686009706689175,47.39,127.29
2015-05-25,ASHT.NS,1.6856725146198834,102.6,275.55
2010-07-28,TVEL.NS,1.6851779429018379,25.57,68.66
2010-12-20,TVEL.NS,1.684887459807074,9.33,25.05
2010-04-21,MDRD.BO,1.68479809976247,42.1,113.03
2005-05-10,GENS.NS,1.6842105263157894,2.66,7.14
2007-09-03,TVEL.NS,1.6836388323150033,14.73,39.53
2026-03-17,THOM.NS,1.6826748410535877,88.08,236.29
2021-10-22,WRRN.BO,1.6814593301435408,83.6,224.17
2024-05-02,WIPR.NS,1.6810905452726366,79.96,214.38
2017-11-20,VENK.NS,1.6808012996163781,1021.84,2739.35
2006-11-08,JKIN.NS,1.6799410029498527,6.78,18.17
2024-12-16,VENK.NS,1.6796661852030175,685.41,1836.67
2012-04-20,VSTI.NS,1.6794848035581915,107.92,289.17
2018-08-20,TVEL.NS,1.6792824394596755,324.99,870.74
2011-07-26,CEMI.NS,1.679220779220779,15.4,41.26
2025-08-01,ASHT.NS,1.679034010194702,119.67,320.6
2012-07-02,HEGL.NS,1.6787216148023547,11.89,31.85
2013-03-08,NALU.NS,1.6781326781326782,8.14,21.8
2011-12-27,VSTI.NS,1.677660510114336,22.74,60.89
2013-04-05,BOB.NS,1.6764015645371577,38.35,102.64
2017-01-03,SEAM.NS,1.6758349705304516,81.44,217.92
2020-05-27,ARTI.NS,1.6747010817992032,158.07,422.79
2005-06-17,ASHT.NS,1.6746132040028687,292.79,783.1
2010-07-22,THOM.NS,1.6741521539871678,21.82,58.35
2005-07-27,XPRO.NS,1.6738853503184714,7.85,20.99
2016-07-25,GENS.NS,1.6738125262715426,23.79,63.61
2006-03-10,HEGL.NS,1.6737145603075447,20.81,55.64
2008-08-14,KAMT.NS,1.673385249656436,43.66,116.72
2014-04-21,JAAO.NS,1.6733727810650891,16.9,45.18
2023-07-17,WIPR.NS,1.6732278045423263,72.65,194.21
2017-06-06,XPRO.NS,1.6717865804365402,12.37,33.05
2014-04-21,WIPR.NS,1.6701117026829522,95.79,255.77
2024-08-09,THOM.NS,1.6688867282450173,205.7,548.99
2007-12-17,GICH.NS,1.6683483220004387,45.59,121.65
2008-04-08,BOB.NS,1.6676915193440944,39.03,104.12
2009-06-05,CEMI.NS,1.6661514683153014,6.47,17.25
2024-10-01,HEGL.NS,1.6655743077175162,183.09,488.04
2018-07-09,VSTI.NS,1.664490684074527,73.53,195.92
2017-01-06,JAAO.NS,1.6644064028457093,89.96,239.69
2009-02-10,AEGS.NS,1.6638655462184873,1.19,3.17
2020-03-25,WRRN.BO,1.6632653061224492,29.4,78.3
2008-05-16,ASHT.NS,1.6608057280101507,220.67,587.16
2008-11-07,ARTI.NS,1.6607142857142856,1.68,4.47
2007-02-14,CHPC.NS,1.66007123070835,126.35,336.1
2017-03-14,WRRN.BO,1.6596777324791305,51.51,137.0
2022-01-31,THOM.NS,1.658742949234488,24.82,65.99
2007-06-29,BRIT.NS,1.6586396282213771,118.35,314.65
2025-03-25,XPRO.NS,1.6582981465466076,1179.42,3135.25
2015-10-08,TVEL.NS,1.6580961126415672,32.67,86.84
2005-12-14,WSTC.NS,1.6579242322349246,44.61,118.57
2019-05-31,TANE.BO,1.6577060931899643,11.16,29.66
2023-11-10,TANE.BO,1.6573133009279717,90.52,240.54
2008-08-20,HLVL.NS,1.6569217540842645,11.63,30.9
2019-02-06,VSTI.NS,1.656758012076173,86.12,228.8
2006-03-02,CHPC.NS,1.6566392029124355,52.19,138.65
2011-05-27,JKIN.NS,1.6566371681415926,5.65,15.01
2012-03-03,TVEL.NS,1.655538694992413,6.59,17.5
2021-12-06,VSTI.NS,1.6544797107272,248.9,660.7
2007-07-11,JKIN.NS,1.6542699724517909,7.26,19.27
2007-01-15,JAAO.NS,1.6519052523171984,9.71,25.75
2013-10-30,HEGL.NS,1.6512989388949872,27.33,72.46
2015-01-13,BOB.NS,1.6495224099926529,68.05,180.3
2021-10-21,AEGS.NS,1.6488498869831143,75.21,199.22
2015-09-24,OSGL.NS,1.6477564102564104,31.2,82.61
2013-08-01,BRIT.NS,1.6474346110107696,298.98,791.53
2015-11-06,HLVL.NS,1.6473282442748096,19.65,52.02
2011-11-29,CEMI.NS,1.6470588235294117,4.76,12.6
2018-11-15,JAAO.NS,1.6453128123126124,100.06,264.69
2016-04-06,JKIN.NS,1.6452079566003617,27.65,73.14
2019-07-08,XPRO.NS,1.6449704142011834,21.97,58.11
2026-04-09,AEGS.NS,1.644772469211285,228.98,605.6
2013-06-18,TAJG.NS,1.6445755787562413,22.03,58.26
2017-09-12,AEGS.NS,1.6436601307189544,76.5,202.24
2021-07-07,CHPC.NS,1.643251273344652,47.12,124.55
2022-08-23,HEGL.NS,1.6428402179922599,253.22,669.22
2025-01-28,BRIT.NS,1.642811427810909,5109.29,13502.89
2023-02-17,GENS.NS,1.6413500118008026,423.7,1119.14
2005-08-03,HEGL.NS,1.6412556053811658,20.07,53.01
2008-09-15,HEGL.NS,1.6404341926729988,29.48,77.84
2020-10-19,BOB.NS,1.6403385049365302,14.18,37.44
2021-05-06,WSTC.NS,1.6399657206230782,198.37,523.69
2006-06-30,BOB.NS,1.6393194706994332,26.45,69.81
2013-05-02,MDRD.BO,1.6391184573002757,3.63,9.58
2008-01-16,CEMI.NS,1.6389177939646205,19.22,50.72
2012-04-02,HLVL.NS,1.6385650224215245,33.45,88.26
2015-06-02,THOM.NS,1.638552801597557,85.13,224.62
2023-01-10,XPRO.NS,1.6380526617996884,243.82,643.21
2016-12-01,ASHT.NS,1.6380368098159508,37.49,98.9
2023-09-05,ASHT.NS,1.637965425531915,60.16,158.7
2013-12-02,THOM.NS,1.6378986866791747,10.66,28.12
2008-04-04,KAMT.NS,1.637599469496021,60.32,159.1
2021-05-21,HEGL.NS,1.6375426621160414,410.2,1081.92
2017-02-08,TAJG.NS,1.6361066235864294,49.52,130.54
2020-01-20,WRRN.BO,1.6337238920020378,19.63,51.7
2021-04-13,VSTI.NS,1.6323465130141068,251.65,662.43
2017-05-10,VENK.NS,1.6317463408301691,1232.52,3243.68
2016-03-09,WIPR.NS,1.6311502117953731,92.07,242.25
2025-09-17,WSTC.NS,1.6305348195111975,488.95,1286.2
2024-02-13,VSTI.NS,1.6303097568358393,297.33,782.07
2008-02-11,BOB.NS,1.630151278038602,19.17,50.42
2019-05-17,GENS.NS,1.6285153695225638,30.58,80.38
2005-07-06,WHEL.NS,1.6277104005880192,27.21,71.5
2020-07-30,BRIT.NS,1.627002837872269,3414.53,8969.98
2025-06-20,VSTI.NS,1.6261930205991817,271.37,712.67
2023-06-02,MDRD.BO,1.6259293680297398,21.52,56.51
2020-11-17,KAMT.NS,1.6256,31.25,82.05
2007-03-28,XPRO.NS,1.62555720653789,6.73,17.67
2007-03-09,TVEL.NS,1.625360987135731,38.09,100.0
2005-02-21,TANE.BO,1.6249171636845592,30.18,79.22
2022-11-21,VSTI.NS,1.6241933269257176,291.32,764.48
2016-06-16,IMCL.NS,1.6240373395565926,42.85,112.44
2022-03-02,WRRN.BO,1.62398316970547,71.3,187.09
2019-07-08,GENS.NS,1.6238651102464337,38.55,101.15
2017-12-13,JKIN.NS,1.6230532121998702,123.28,323.37
2013-02-14,WHEL.NS,1.6227448810182623,180.7,473.93
2013-12-06,CEMI.NS,1.6224821312540612,15.39,40.36
2025-12-31,SEAM.NS,1.6223805728751586,1066.55,2796.9
2015-06-12,WIPR.NS,1.6218089788732395,90.88,238.27
2005-04-21,TVEL.NS,1.6217415418746532,18.03,47.27
2023-01-20,KAMT.NS,1.6208549740311624,50.06,131.2
2017-08-17,BOB.NS,1.6206257719226018,48.58,127.31
2010-09-22,VENK.NS,1.6198807921553549,208.04,545.04
2005-10-27,KAMT.NS,1.619337016574585,36.2,94.82
2022-10-14,BOB.NS,1.617130434782609,115.0,300.97
2005-12-02,WSTC.NS,1.6163443543356202,16.03,41.94
2023-05-18,WRRN.BO,1.615736505032022,21.86,57.18
2009-05-13,THOM.NS,1.61505376344086,13.95,36.48
2006-12-22,VSTI.NS,1.6147798742138364,6.36,16.63
2010-08-19,SEAM.NS,1.614197316276159,143.83,376.0
2023-10-23,VENK.NS,1.6107434413886024,2018.72,5270.36
2009-03-13,AEGS.NS,1.6104417670682727,2.49,6.5
2010-07-29,IMCL.NS,1.6103015926804471,29.51,77.03
2019-12-16,TAJG.NS,1.6098355316723665,61.41,160.27
2018-10-05,ARTI.NS,1.6087655379339907,93.32,243.45
2025-04-30,THOM.NS,1.607806423736137,138.86,362.12
2018-02-20,ARTI.NS,1.607209583470711,90.99,237.23
2016-12-20,AEGS.NS,1.6066597294484914,48.05,125.25
2024-07-15,ARTI.NS,1.606573705179283,271.08,706.59
2007-02-23,ASHT.NS,1.6042283729956082,293.73,764.94
2021-05-19,TAJG.NS,1.603393683526833,123.17,320.66
2014-06-02,WIPR.NS,1.6031897926634766,31.35,81.61
2025-07-23,NALU.NS,1.602361664149389,72.83,189.53
2020-03-06,BRIT.NS,1.6003508605566354,1054.55,2742.2
2021-03-03,KAMT.NS,1.6002954209748892,33.85,88.02
2021-06-30,SEAM.NS,1.5998933901918977,187.6,487.74
2007-01-03,CEMI.NS,1.5996870809119357,44.74,116.31
2006-03-16,TANE.BO,1.5993054190420022,152.61,396.68
2025-08-25,HLVL.NS,1.5990180032733226,12.22,31.76
2010-02-23,WIPR.NS,1.5989215321680925,53.78,139.77
2005-04-07,SEAM.NS,1.5986669840514165,84.02,218.34
2024-12-02,GICH.NS,1.5983327017809779,79.17,205.71
2015-08-24,WHEL.NS,1.5980021030494216,570.6,1482.42
2023-11-15,WIPR.NS,1.5979293717203231,70.51,183.18
2012-08-03,VENK.NS,1.5972087613878658,103.18,267.98
2021-02-23,NALU.NS,1.5971357409713578,16.06,41.71
2018-01-09,ARTI.NS,1.5958688819039066,89.08,231.24
2022-02-28,WIPR.NS,1.5949711972598473,256.92,666.7
2006-02-24,VENK.NS,1.5944538629208043,82.58,214.25
2010-07-08,WSTC.NS,1.5938789546079786,29.08,75.43
2016-05-11,TAJG.NS,1.5937395937395937,30.03,77.89
2019-09-27,KAMT.NS,1.5925925925925926,14.58,37.8
2006-09-13,AEGS.NS,1.591973244147157,2.99,7.75
2011-11-17,BOB.NS,1.59195301542777,114.08,295.69
2018-07-04,VSTI.NS,1.5909716758457906,203.36,526.9
2009-02-26,JKIN.NS,1.5909090909090908,1.76,4.56
2018-11-14,THOM.NS,1.5907590759075907,30.3,78.5
2014-08-14,GICH.NS,1.5907242363935281,115.57,299.41
2016-12-20,TAJG.NS,1.5903231832617224,107.06,277.32
2010-08-23,CEMI.NS,1.5896279594137543,8.87,22.97
2011-04-20,THOM.NS,1.589430894308943,7.38,19.11
2021-01-27,KAMT.NS,1.58887171561051,12.94,33.5
2018-04-06,WSTC.NS,1.5888597530028763,236.44,612.11
2022-07-05,HEGL.NS,1.5886692650334076,71.84,185.97
2011-08-24,GICH.NS,1.5876689189189186,59.2,153.19
2015-04-27,IMCL.NS,1.5868205868205871,41.58,107.56
2021-06-14,TANE.BO,1.5866965620328846,13.38,34.61
2022-10-11,WRRN.BO,1.5860215053763445,27.9,72.15
2020-08-14,ARTI.NS,1.5856316207009198,428.58,1108.15
2009-10-23,THOM.NS,1.5854271356783922,19.9,51.45
2025-06-10,JKIN.NS,1.5845780974209016,379.59,981.08
2016-04-28,TANE.BO,1.5842259006815969,20.54,53.08
2013-10-11,WIPR.NS,1.5841197526846726,30.73,79.41
2026-06-18,NALU.NS,1.5828768085405254,142.38,367.75
2015-03-02,TAJG.NS,1.5828586927040957,73.74,190.46
2022-10-17,IMCL.NS,1.5822510822510822,23.1,59.65
2016-11-23,KAMT.NS,1.5818521983161835,10.69,27.6
2021-08-12,WIPR.NS,1.5813501350135013,277.75,716.97
2012-04-05,BRIT.NS,1.5802029925708907,95.57,246.59
2024-10-29,JAAO.NS,1.5799022372626434,106.38,274.45
2012-08-13,HLVL.NS,1.5782537067545301,30.35,78.25
2006-05-16,WIPR.NS,1.576196473551637,15.88,40.91
2020-02-17,ASHT.NS,1.5745682888540031,31.85,82.0
2020-01-06,JAAO.NS,1.5738783994456957,115.46,297.18
2012-11-01,GICH.NS,1.5725907384230289,31.96,82.22
2022-06-30,JAAO.NS,1.5720155824750526,187.39,481.97
2007-08-20,MDRD.BO,1.5711982804943578,18.61,47.85
2022-01-06,AEGS.NS,1.5706846183157626,78.73,202.39
2015-12-16,CEMI.NS,1.5694648478488982,95.3,244.87
2010-12-29,VSTI.NS,1.5684774292272379,13.07,33.57
2015-03-02,GENS.NS,1.5683306055646482,24.44,62.77
2020-03-06,VENK.NS,1.5674809269672987,1116.76,2867.26
2013-06-25,WSTC.NS,1.5664739884393062,43.25,111.0
2014-03-19,NALU.NS,1.5663520266518596,18.01,46.22
2016-12-19,TANE.BO,1.5650147203140334,40.76,104.55
2023-02-22,WIPR.NS,1.5650050432659128,188.37,483.17
2017-07-10,MDRD.BO,1.5647249190938513,6.18,15.85
2012-03-15,OSGL.NS,1.5646551724137931,41.76,107.1
2013-07-12,JAAO.NS,1.5643483023001097,36.52,93.65
2012-01-13,THOM.NS,1.5642201834862384,10.9,27.95
2009-07-27,JAAO.NS,1.564134495641345,8.03,20.59
2008-07-11,WSTC.NS,1.5641261800598665,43.43,111.36
2007-08-31,THOM.NS,1.563282336578581,7.19,18.43
2005-03-23,VENK.NS,1.5630841121495331,42.8,109.7
2019-12-18,THOM.NS,1.5611672278338942,26.73,68.46
2022-12-30,TVEL.NS,1.5611210494931425,285.09,730.15
2025-10-09,JAAO.NS,1.559177857420441,231.59,592.68
2017-07-26,WRRN.BO,1.5585429314830876,46.12,118.0
2008-06-04,SEAM.NS,1.5584329349269588,135.54,346.77
2019-08-01,JKIN.NS,1.5577376276512176,25.46,65.12
2013-12-04,CEMI.NS,1.5575048732943468,15.39,39.36
2014-07-08,HLVL.NS,1.5555160142348754,28.1,71.81
2020-01-09,HLVL.NS,1.5545851528384276,2.29,5.85
2006-05-12,AEGS.NS,1.5545454545454542,4.4,11.24
2011-12-09,BRIT.NS,1.5535546297540654,74.41,190.01
2020-03-24,THOM.NS,1.5523927392739276,24.24,61.87
2025-01-28,WRRN.BO,1.5521608040201005,49.75,126.97
2012-05-08,BRIT.NS,1.551978233760345,88.21,225.11
2026-05-08,HEGL.NS,1.5481753069577082,234.56,597.7
2007-10-10,OSGL.NS,1.5481744421906694,39.44,100.5
2008-04-18,TANE.BO,1.5476777251184832,105.5,268.78
2012-09-13,GICH.NS,1.5465116279069768,24.08,61.32
2026-06-05,THOM.NS,1.5464901811869374,92.17,234.71
2021-02-01,ASHT.NS,1.5452707581227436,69.25,176.26
2007-12-04,SEAM.NS,1.5433868974042024,80.9,205.76
2019-04-01,CEMI.NS,1.543188064389478,50.94,129.55
2015-08-14,VSTI.NS,1.5429968363531779,104.31,265.26
2018-11-01,OSGL.NS,1.5413416536661466,6.41,16.29
2011-03-07,HLVL.NS,1.5405405405405403,15.54,39.48
2023-03-13,SEAM.NS,1.5393158651741605,799.55,2030.31
2022-10-21,SEAM.NS,1.538438393260117,465.29,1181.11
2014-07-01,WHEL.NS,1.5383529743843058,141.71,359.71
2017-10-05,WIPR.NS,1.538342290202563,96.76,245.61
2014-12-10,ASHT.NS,1.5381008206330598,51.18,129.9
2007-09-28,XPRO.NS,1.5367494824016563,19.32,49.01
2011-07-15,HLVL.NS,1.5367441860465116,43.0,109.08
2024-02-15,JKIN.NS,1.5365297985812667,193.13,489.88
2026-01-22,VENK.NS,1.536197483978163,589.82,1495.9
2024-11-28,AEGS.NS,1.5355191256830598,340.38,863.04
2021-01-04,CEMI.NS,1.5342307692307693,26.0,65.89
2022-03-22,HLVL.NS,1.5340599455040875,3.67,9.3
2008-11-10,HEGL.NS,1.533929510783798,19.01,48.17
2007-10-03,MDRD.BO,1.533235149729995,101.85,258.01
2021-03-15,WRRN.BO,1.532827735644637,46.15,116.89
2017-02-08,ASHT.NS,1.532545805207329,41.48,105.05
2011-12-26,NALU.NS,1.5323320817688781,23.97,60.7
2020-01-07,HLVL.NS,1.5315789473684207,5.7,14.43
2021-10-07,GENS.NS,1.531306758436096,104.61,264.8
2022-06-08,IMCL.NS,1.5308471454880297,21.72,54.97
2021-06-01,GICH.NS,1.5304046743129196,46.21,116.93
2016-06-08,CHPC.NS,1.5298046418433793,59.89,151.51
2008-10-01,CEMI.NS,1.5293383270911365,8.01,20.26
2019-12-24,ASHT.NS,1.5292397660818717,37.62,95.15
2015-06-30,THOM.NS,1.527591542031975,77.56,196.04
2011-11-22,KAMT.NS,1.527338782924614,110.1,278.26
2019-02-13,HEGL.NS,1.5267232467001661,415.93,1050.94
2012-06-07,WSTC.NS,1.526026026026026,39.96,100.94
2005-04-25,TAJG.NS,1.5251544571932922,22.66,57.22
2009-07-14,TVEL.NS,1.5248120300751875,6.65,16.79
2025-06-30,XPRO.NS,1.5231535445586517,471.85,1190.55
2013-03-06,BOB.NS,1.522978347326558,45.26,114.19
2010-11-22,KAMT.NS,1.5209166969807204,54.98,138.6
2020-12-18,THOM.NS,1.5206459525756335,48.92,123.31
2018-12-14,KAMT.NS,1.5204761904761903,42.0,105.86
2026-01-20,GENS.NS,1.5197797083462619,128.92,324.85
2025-10-23,IMCL.NS,1.5195739014647138,563.25,1419.15
2024-11-12,XPRO.NS,1.5191291959135453,1151.12,2899.82
2012-12-18,CEMI.NS,1.5180180180180178,8.88,22.36
2012-04-24,HEGL.NS,1.5174885321100917,34.88,87.81
2020-05-29,SEAM.NS,1.517064010450686,122.48,308.29
2008-02-04,WRRN.BO,1.5167943429581618,16.97,42.71
2008-09-30,GENS.NS,1.5165644171779142,40.75,102.55
2008-11-27,TAJG.NS,1.5158227848101267,15.8,39.75
2008-02-26,GICH.NS,1.515532544378698,13.52,34.01
2010-07-08,IMCL.NS,1.5149402390438245,30.12,75.75
2015-02-05,VSTI.NS,1.5148514851485144,45.45,114.3
2015-09-10,WSTC.NS,1.5139806812404677,19.67,49.45
2017-05-12,CEMI.NS,1.51241028708134,66.88,168.03
2015-01-02,WSTC.NS,1.511722731906218,19.62,49.28
2025-09-02,HEGL.NS,1.5110460863204098,478.45,1201.41
2014-05-26,WHEL.NS,1.5109310214851108,106.12,266.46
2017-08-18,WIPR.NS,1.5107417916497767,98.68,247.76
2024-08-21,CEMI.NS,1.5103613790557069,216.67,543.92
2008-11-25,WRRN.BO,1.5083969465648854,13.1,32.86
2005-06-03,HLVL.NS,1.507600793126239,15.13,37.94
2010-08-06,VENK.NS,1.507501229709788,406.6,1019.55
2008-12-22,WHEL.NS,1.5070214338507024,13.53,33.92
2018-11-30,TVEL.NS,1.50558697751414,72.49,181.63
2006-11-06,VSTI.NS,1.5043988269794721,17.05,42.7
2006-12-01,VSTI.NS,1.5037147102526003,6.73,16.85
2024-11-18,XPRO.NS,1.5036542595316211,441.95,1106.49
2015-12-03,XPRO.NS,1.503387533875339,14.76,36.95
2012-04-27,TVEL.NS,1.503331314354936,16.51,41.33
2020-11-27,VSTI.NS,1.5027121448928935,108.77,272.22
2011-01-17,CEMI.NS,1.5024038461538463,8.32,20.82
2022-06-01,GENS.NS,1.5014041580494175,459.35,1149.02
2020-01-21,NALU.NS,1.501152959262106,13.01,32.54
2023-07-04,JKIN.NS,1.5003709036959463,229.17,573.01
2021-02-17,GENS.NS,1.4999999999999996,30.92,77.3
2024-02-12,ASHT.NS,1.499629255139872,148.35,370.82
2015-04-21,GENS.NS,1.499579831932773,23.8,59.49
2016-09-23,HLVL.NS,1.4994475138121546,18.1,45.24
2010-08-24,WHEL.NS,1.499080544317764,27.19,67.95
2015-03-25,CHPC.NS,1.4972151898734176,19.75,49.32
2023-06-28,WSTC.NS,1.4964807248897696,494.42,1234.31
2009-06-01,TAJG.NS,1.4957449358743853,83.43,208.22
2005-03-08,GICH.NS,1.49490538573508,6.87,17.14
2022-02-07,SEAM.NS,1.4939778458420654,434.23,1082.96
2010-03-17,AEGS.NS,1.4939148073022315,9.86,24.59
2016-09-23,BRIT.NS,1.493852629477432,601.07,1498.98
2008-08-14,ARTI.NS,1.4938271604938267,2.43,6.06
2006-07-04,GICH.NS,1.4937601736299513,18.43,45.96
2016-11-23,THOM.NS,1.4932545096255874,65.97,164.48
2017-07-10,KAMT.NS,1.4929311969839776,53.05,132.25
2025-01-28,VSTI.NS,1.4900523560209424,305.6,760.96
2023-08-04,THOM.NS,1.4899809160305342,83.84,208.76
2010-12-21,JAAO.NS,1.4892753623188404,17.25,42.94
2022-03-21,WRRN.BO,1.4889793150220418,29.49,73.4
2017-04-07,HLVL.NS,1.488549618320611,6.55,16.3
2006-12-12,ASHT.NS,1.4861953647534607,257.16,639.35
2026-06-03,ASHT.NS,1.4859326719791834,307.45,764.3
2023-06-08,TANE.BO,1.4846863468634681,54.2,134.67
2006-12-08,OSGL.NS,1.484304932735426,15.61,38.78
2014-08-01,NALU.NS,1.4835996635828428,11.89,29.53
2021-01-07,WRRN.BO,1.4826732673267329,20.2,50.15
2015-05-19,HLVL.NS,1.482662968099861,7.21,17.9
2005-02-16,WSTC.NS,1.4826589595375719,10.38,25.77
2016-10-21,ARTI.NS,1.482476164898617,148.94,369.74
2009-01-09,THOM.NS,1.4824000000000002,12.5,31.03
2008-05-02,VSTI.NS,1.4823989569752283,15.34,38.08
2019-03-06,MDRD.BO,1.4819819819819817,2.22,5.51
2021-06-16,HLVL.NS,1.4813895781637716,4.03,10.0
2018-01-30,WRRN.BO,1.4813502109704642,118.5,294.04
2022-08-19,KAMT.NS,1.4811006954944057,33.07,82.05
2012-06-12,SEAM.NS,1.4803560466543892,32.58,80.81
2008-05-23,TVEL.NS,1.4801156905278376,13.83,34.3
2005-05-31,GICH.NS,1.4800683371298406,17.56,43.55
2017-06-09,TAJG.NS,1.479934727426568,165.46,410.33
2016-07-11,GICH.NS,1.4799308773859088,254.62,631.44
2024-01-11,CHPC.NS,1.4784852114622686,325.59,806.97
2016-04-05,GENS.NS,1.4780141843971633,21.15,52.41
2014-05-02,MDRD.BO,1.4777864380358534,12.83,31.79
2026-02-06,TANE.BO,1.4773953817570553,113.03,280.02
2023-02-22,TAJG.NS,1.4768911102375473,178.07,441.06
2011-03-01,VENK.NS,1.4761856471622217,295.83,732.53
2008-04-01,OSGL.NS,1.475,13.2,32.67
2016-08-10,JKIN.NS,1.4744302390216788,35.98,89.03
2024-02-02,WHEL.NS,1.47338683788122,623.0,1540.92
2016-11-16,VENK.NS,1.4732014120220756,402.26,994.87
2009-12-31,NALU.NS,1.4731237322515214,19.72,48.77
2016-07-04,NALU.NS,1.4722222222222223,9.72,24.03
2007-08-28,TVEL.NS,1.4720432878124194,38.81,95.94
2005-09-28,CHPC.NS,1.4717482238895156,150.61,372.27
2023-01-31,WIPR.NS,1.470259926646468,188.13,464.73
2018-10-24,WRRN.BO,1.4696315120711563,78.7,194.36
2019-07-09,IMCL.NS,1.46962962962963,13.5,33.34
2018-12-12,CEMI.NS,1.4694638694638695,42.9,105.94
2019-08-16,WRRN.BO,1.468235294117647,42.5,104.9
2018-08-21,VENK.NS,1.4681510396603232,1168.17,2883.22
2010-11-19,THOM.NS,1.4677647058823529,21.25,52.44
2025-06-13,BRIT.NS,1.4649492674798905,5497.46,13550.96
2017-09-07,JAAO.NS,1.4647393984681485,428.24,1055.5
2012-09-06,JAAO.NS,1.4643947100712107,19.66,48.45
2023-08-04,KAMT.NS,1.4639305103148752,230.25,567.32
2020-01-10,TAJG.NS,1.4624782895130863,166.97,411.16
2016-03-18,GENS.NS,1.4611111111111108,21.6,53.16
2008-08-13,ASHT.NS,1.46078431372549,173.4,426.7
2007-08-17,KAMT.NS,1.4606438563964268,59.33,145.99
2009-03-16,SEAM.NS,1.4601715686274508,48.96,120.45
2018-01-29,WHEL.NS,1.4599477965586276,394.61,970.72
2013-05-10,JKIN.NS,1.4597701149425286,19.14,47.08
2008-04-24,JAAO.NS,1.459224069675376,12.63,31.06
2019-04-24,CHPC.NS,1.4584755403868033,219.75,540.25
2010-07-30,VENK.NS,1.4581242276750817,396.53,974.72
2018-06-15,BRIT.NS,1.457447678592524,1100.41,2704.2
2025-05-16,CHPC.NS,1.4572563845382298,259.22,636.97
2025-12-12,NALU.NS,1.4569184569184568,259.74,638.16
2019-09-12,VENK.NS,1.4560815066767452,635.04,1559.71
2016-10-13,TAJG.NS,1.4557592036656661,126.58,310.85
2019-08-05,GENS.NS,1.4555016181229772,86.52,212.45
2019-07-10,AEGS.NS,1.454917524494605,80.63,197.94
2021-05-26,GICH.NS,1.4545247321632098,43.87,107.68
2024-07-24,WRRN.BO,1.4540540540540539,20.35,49.94
2022-02-02,JKIN.NS,1.4531346035648434,130.16,319.3
2007-09-27,BOB.NS,1.45246717971933,44.18,108.35
2021-03-10,JAAO.NS,1.4524289232146854,134.01,328.65
2007-04-09,MDRD.BO,1.4523809523809526,4.62,11.33
2013-04-01,HLVL.NS,1.4521091811414393,20.15,49.41
2008-10-29,WHEL.NS,1.4505229283990348,12.43,30.46
2023-03-03,OSGL.NS,1.4500000000000002,8.0,19.6
2024-04-29,TAJG.NS,1.4498325953126687,370.36,907.32
2016-03-31,CHPC.NS,1.4490232807064491,37.37,91.52
2021-08-30,WHEL.NS,1.4467964109692915,791.3,1936.15
2022-10-07,SEAM.NS,1.4466349422161793,1206.22,2951.18
2009-04-30,GICH.NS,1.4465454545454546,27.5,67.28
2007-06-27,OSGL.NS,1.4464285714285716,35.28,86.31
2009-03-12,BRIT.NS,1.4453300124533004,40.15,98.18
2010-12-03,NALU.NS,1.4453125,17.92,43.82
2007-04-17,THOM.NS,1.4444444444444446,4.59,11.22
2024-08-12,CHPC.NS,1.4444283646888567,898.3,2195.83
2014-03-12,VSTI.NS,1.4428063040162682,39.34,96.1
2019-12-30,TAJG.NS,1.4422759345443628,66.61,162.68
2016-12-06,OSGL.NS,1.4419291338582676,10.16,24.81
2006-01-06,WIPR.NS,1.4417515835857886,36.31,88.66
2016-10-04,TVEL.NS,1.4409050966608081,91.04,222.22
2013-08-05,THOM.NS,1.439189189189189,7.4,18.05
2005-10-20,JKIN.NS,1.439121756487026,5.01,12.22
2025-01-14,ARTI.NS,1.4389748491546688,167.39,408.26
2010-09-27,TAJG.NS,1.4388735145694285,61.43,149.82
2009-07-09,TANE.BO,1.438525963149079,29.85,72.79
2024-03-07,MDRD.BO,1.4379042690815003,30.92,75.38
2024-11-29,HEGL.NS,1.4362972793629725,180.84,440.58
2017-01-03,WRRN.BO,1.435294117647059,119.85,291.87
2009-01-20,ASHT.NS,1.4350992495226254,225.19,548.36
2009-10-28,MDRD.BO,1.4340236686390533,33.8,82.27
2015-01-30,CEMI.NS,1.4332313965341488,19.62,47.74
2018-06-14,KAMT.NS,1.4324324324324325,32.56,79.2
2014-08-28,KAMT.NS,1.432391826923077,33.28,80.95
2010-10-25,IMCL.NS,1.4322103533278554,12.17,29.6
2026-04-15,KAMT.NS,1.4316814666284734,69.82,169.78
2015-12-14,TVEL.NS,1.431578947368421,121.6,295.68
2024-02-12,OSGL.NS,1.4313984168865437,37.9,92.15
2018-05-24,WHEL.NS,1.430865548570992,392.93,955.16
2010-04-12,GICH.NS,1.430017761989343,56.3,136.81
2012-04-19,GENS.NS,1.4297387643927202,80.77,196.25
2010-08-18,AEGS.NS,1.4291417165668663,10.02,24.34
2024-08-27,HLVL.NS,1.429054054054054,8.88,21.57
2021-11-26,XPRO.NS,1.4280749079213568,192.77,468.06
2021-02-05,JAAO.NS,1.4271051130963697,52.61,127.69
2016-01-25,GENS.NS,1.4261913986826813,25.81,62.62
2024-12-11,JAAO.NS,1.4258945157903242,123.81,300.35
2016-07-29,HLVL.NS,1.4258064516129032,7.75,18.8
2017-12-26,JKIN.NS,1.4253135689851768,131.55,319.05
2010-10-14,ARTI.NS,1.4247191011235953,4.45,10.79
2025-05-14,ARTI.NS,1.4218651873560808,191.08,462.77
2017-11-13,HEGL.NS,1.42182316457522,138.66,335.81
2016-10-18,MDRD.BO,1.4217821782178222,5.05,12.23
2024-08-09,TAJG.NS,1.421645445641528,122.52,296.7
2024-02-07,VENK.NS,1.4213410344699917,810.27,1961.94
2006-08-30,IMCL.NS,1.420664206642066,8.13,19.68
2010-08-19,TAJG.NS,1.4204883859440138,151.11,365.76
2013-12-27,TVEL.NS,1.420278637770898,12.92,31.27
2022-09-27,WRRN.BO,1.42,70.0,169.4
2024-05-02,WRRN.BO,1.4199222744937616,48.89,118.31
2016-11-23,SEAM.NS,1.419666048237477,80.85,195.63
2024-08-06,VENK.NS,1.418936637054479,747.44,1808.01
2025-09-04,IMCL.NS,1.4185860204286,199.72,483.04
2023-12-04,VENK.NS,1.4183155758498223,1971.0,4766.5
2009-09-30,JKIN.NS,1.4177671068427373,8.33,20.14
2021-08-06,WHEL.NS,1.4176328300942531,839.23,2028.95
2011-12-12,TAJG.NS,1.4156023472557822,28.97,69.98
2017-03-14,TANE.BO,1.414246823956443,44.08,106.42
2009-10-21,ASHT.NS,1.413413541533342,390.65,942.8
2021-03-04,MDRD.BO,1.4130841121495328,5.35,12.91
2017-04-12,IMCL.NS,1.412788259958071,47.7,115.09
2008-01-28,WIPR.NS,1.4122938530734634,13.34,32.18
2019-06-06,BOB.NS,1.4120171673819741,44.27,106.78
2009-03-23,IMCL.NS,1.4119897959183674,7.84,18.91
2019-08-09,HEGL.NS,1.4116325181758094,75.65,182.44
2007-05-15,VENK.NS,1.411299028427492,27.79,67.01
2013-02-26,VSTI.NS,1.4110086037109983,96.47,232.59
2016-02-01,WRRN.BO,1.4106073567151411,58.45,140.9
2020-06-16,BOB.NS,1.4098873591989984,15.98,38.51
2020-07-15,ARTI.NS,1.407512141144649,162.67,391.63
2016-11-09,WHEL.NS,1.4061660777385159,566.0,1361.89
2022-03-11,CHPC.NS,1.4058507683762267,108.02,259.88
2017-04-26,AEGS.NS,1.4054530656538256,73.72,177.33
2020-08-04,VSTI.NS,1.4052525989421851,109.66,263.76
2026-01-16,THOM.NS,1.4048119428944124,137.99,331.84
2020-02-03,ARTI.NS,1.4041279718784887,421.03,1012.21
2024-07-15,TVEL.NS,1.4040078004169185,148.71,357.5
2018-06-11,WIPR.NS,1.401587301587302,37.8,90.78
2015-12-09,TAJG.NS,1.4012395580706007,37.11,89.11
2011-09-09,MDRD.BO,1.4008620689655173,6.96,16.71
2008-01-08,ARTI.NS,1.40080971659919,2.47,5.93
2021-07-22,NALU.NS,1.4007936507936507,27.72,66.55
2014-06-23,SEAM.NS,1.4007424429909845,113.14,271.62
2015-01-13,IMCL.NS,1.4003598740440846,22.23,53.36
2009-07-16,WHEL.NS,1.3993243243243239,14.8,35.51
2018-12-13,WRRN.BO,1.3981191222570533,31.9,76.5
2006-12-18,CEMI.NS,1.3979214780600464,43.3,103.83
2016-06-09,KAMT.NS,1.396018376722818,32.65,78.23
2021-10-26,NALU.NS,1.3954674220963175,35.3,84.56
2011-05-16,SEAM.NS,1.395173086299366,41.02,98.25
2009-04-20,GENS.NS,1.394112837285364,12.23,29.28
2011-08-26,BRIT.NS,1.3927372596887397,196.62,470.46
2006-11-09,TVEL.NS,1.3921960980490247,39.98,95.64
2012-03-20,TAJG.NS,1.3921503957783643,30.32,72.53
2006-03-08,IMCL.NS,1.3918604651162791,8.6,20.57
2008-03-17,HEGL.NS,1.391461649782923,13.82,33.05
2018-01-09,WSTC.NS,1.3913058647036247,286.63,685.42
2012-05-31,TVEL.NS,1.391223733003708,16.18,38.69
2017-03-17,TAJG.NS,1.3909262759924386,52.9,126.48
2010-03-19,NALU.NS,1.3898477157360407,19.7,47.08
2022-05-06,CEMI.NS,1.3892920496694083,62.01,148.16
2022-01-12,JAAO.NS,1.389083117176046,88.67,211.84
2024-05-29,JAAO.NS,1.388983948504848,245.46,586.4
2012-02-13,HEGL.NS,1.3881481481481481,13.5,32.24
2019-09-13,JKIN.NS,1.388112973308504,64.44,153.89
2023-03-06,ASHT.NS,1.388059701492537,28.81,68.8
2018-07-16,OSGL.NS,1.3877333333333337,18.75,44.77
2012-12-27,VSTI.NS,1.3875661375661377,45.36,108.3
2006-12-14,BRIT.NS,1.3857908847184985,37.3,88.99
2010-08-13,WIPR.NS,1.38448495125053,23.59,56.25
2009-10-28,XPRO.NS,1.384272997032641,6.74,16.07
2023-01-09,OSGL.NS,1.3829990448901621,10.47,24.95
2010-09-07,IMCL.NS,1.380064829821718,12.34,29.37
2025-05-12,THOM.NS,1.3796113306982876,60.72,144.49
2011-04-26,VSTI.NS,1.3791748526522594,20.36,48.44
2015-08-31,IMCL.NS,1.3785862785862784,48.1,114.41
2013-05-24,JAAO.NS,1.377734877734878,15.54,36.95
2006-05-05,WIPR.NS,1.3774453394706563,17.38,41.32
2021-08-05,VSTI.NS,1.3769647696476963,110.7,263.13
2013-09-24,GICH.NS,1.3761589403973513,30.2,71.76
2024-11-06,KAMT.NS,1.3756931085209914,88.37,209.94
2022-11-22,VENK.NS,1.3752231700059512,1814.76,4310.46
2010-01-11,CHPC.NS,1.3741154562383615,161.1,382.47
2020-01-03,TAJG.NS,1.3736024393785393,68.87,163.47
2024-01-09,WSTC.NS,1.3733420608399078,290.27,688.91
2007-06-18,IMCL.NS,1.3730366492146597,7.64,18.13
2014-09-29,ARTI.NS,1.3729562527618207,22.63,53.7
2010-07-30,THOM.NS,1.372465314834579,9.37,22.23
2025-07-04,IMCL.NS,1.3716530027058682,495.22,1174.49
2009-06-12,KAMT.NS,1.3713514425510378,59.27,140.55
2016-02-25,WHEL.NS,1.3712984668445016,371.13,880.06
2011-01-18,KAMT.NS,1.3711214268262886,40.93,97.05
2024-06-14,GENS.NS,1.3703140130031812,216.87,514.05
2014-05-30,XPRO.NS,1.3698959167333866,24.98,59.2
2016-05-31,GENS.NS,1.3691294387170676,69.84,165.46
2017-03-03,BRIT.NS,1.3685303821111243,572.87,1356.86
2007-05-21,KAMT.NS,1.3679537767756487,70.96,168.03
2016-12-19,HLVL.NS,1.3676646706586828,16.7,39.54
2022-11-10,IMCL.NS,1.3673194614443083,81.7,193.41
2012-02-22,XPRO.NS,1.36728624535316,13.45,31.84
2011-01-21,WHEL.NS,1.366458486407054,54.44,128.83
2020-04-23,WSTC.NS,1.364242982052462,130.38,308.25
2019-11-06,AEGS.NS,1.3640263520759923,65.27,154.3
2006-01-20,JAAO.NS,1.3637458596808192,33.21,78.5
2025-01-21,JKIN.NS,1.3629284358602214,358.28,846.59
2014-10-07,TAJG.NS,1.3627192982456138,45.6,107.74
2011-06-10,AEGS.NS,1.3623529411764705,8.5,20.08
2015-03-05,NALU.NS,1.36231884057971,11.04,26.08
2015-02-05,WSTC.NS,1.3618497109826588,51.9,122.58
2018-04-20,IMCL.NS,1.361568809468554,43.09,101.76
2025-09-17,WIPR.NS,1.3615479935182537,104.91,247.75
2021-06-30,WSTC.NS,1.3611428571428572,105.0,247.92
2016-05-10,BOB.NS,1.3611279104928937,132.28,312.33
2022-05-09,WRRN.BO,1.3605150214592276,32.62,77.0
2012-04-28,SEAM.NS,1.3587254454088624,87.56,206.53
2011-05-25,WRRN.BO,1.3578179989944696,198.9,468.97
2005-08-16,KAMT.NS,1.3567818028643641,47.48,111.9
2011-07-21,VENK.NS,1.3563952004084756,156.68,369.2
2012-01-02,CHPC.NS,1.3559455728653127,50.71,119.47
2006-12-08,TAJG.NS,1.3558754187864501,80.59,189.86
2009-02-17,HEGL.NS,1.355802640722724,14.39,33.9
2021-10-20,VENK.NS,1.3556992206877791,1249.82,2944.2
2022-03-28,KAMT.NS,1.3553162853297445,29.72,70.0
2015-02-18,CEMI.NS,1.3548864758144123,20.26,47.71
2012-11-09,JKIN.NS,1.3544776119402986,8.04,18.93
2025-06-10,WIPR.NS,1.3537296037296036,240.24,565.46
2023-10-30,ASHT.NS,1.3533789818398327,67.18,158.1
2012-02-07,BOB.NS,1.3523173605655932,50.92,119.78
2008-09-04,SEAM.NS,1.3506872136609744,48.02,112.88
2010-05-25,WRRN.BO,1.3502276539659719,83.46,196.15
2023-01-30,HEGL.NS,1.350212507589557,82.35,193.54
2016-06-30,NALU.NS,1.3494983277591972,23.92,56.2
2023-02-24,SEAM.NS,1.3476499983669203,612.34,1437.56
2026-01-29,WRRN.BO,1.347423277359583,17.27,40.54
2016-12-14,THOM.NS,1.3470608940513906,28.41,66.68
2006-06-14,AEGS.NS,1.3469387755102038,2.45,5.75
2024-02-07,AEGS.NS,1.346445165807396,157.11,368.65
2022-12-08,TVEL.NS,1.3462463907603461,124.68,292.53
2008-08-08,ASHT.NS,1.3455777624626695,435.3,1021.03
2021-12-29,GICH.NS,1.3455601961140364,55.07,129.17
2023-01-27,WIPR.NS,1.344869815238805,187.81,440.39
2022-02-04,TANE.BO,1.3443165969316597,57.36,134.47
2013-09-25,WSTC.NS,1.344155844155844,41.58,97.47
2012-02-03,AEGS.NS,1.3430531732418527,5.83,13.66
2015-05-07,BRIT.NS,1.3425977484566034,413.05,967.61
2020-08-07,KAMT.NS,1.3425499231950844,13.02,30.5
2005-10-21,HEGL.NS,1.3416572077185016,8.81,20.63
2020-04-29,SEAM.NS,1.3412230215827337,139.0,325.43
2010-12-21,SEAM.NS,1.34022226554884,51.29,120.03
2011-08-29,VSTI.NS,1.3392011834319528,67.6,158.13
2021-05-05,BRIT.NS,1.3386452446561736,3211.65,7510.91
2014-07-10,WRRN.BO,1.3373182154301206,81.14,189.65
2023-01-24,GENS.NS,1.3364535853251804,449.75,1050.82
2023-08-25,WRRN.BO,1.3362505757715337,21.71,50.72
2013-12-20,GICH.NS,1.3361318407960199,32.16,75.13
2005-06-28,TVEL.NS,1.3356578335657834,21.51,50.24
2022-09-02,THOM.NS,1.3338523824353783,32.11,74.94
2021-05-03,CEMI.NS,1.3332859579306424,70.36,164.17
2014-03-05,OSGL.NS,1.3331890956295975,23.11,53.92
2023-10-04,KAMT.NS,1.3330970105163655,84.63,197.45
2014-06-16,JKIN.NS,1.3326752221125369,20.26,47.26
2010-10-04,CEMI.NS,1.332247557003257,9.21,21.48
2024-05-03,VENK.NS,1.3313234223931802,769.52,1794.0
2011-03-01,XPRO.NS,1.3302681992337164,26.1,60.82
2010-05-16,WSTC.NS,1.3301451187335096,30.32,70.65
2012-02-01,CHPC.NS,1.329115889156252,128.83,300.06
2023-11-10,WSTC.NS,1.3286332589436665,295.74,688.67
2005-09-29,WIPR.NS,1.3283058575938265,28.51,66.38
2007-12-04,WRRN.BO,1.3280521901211557,42.92,99.92
2012-11-08,WRRN.BO,1.3270768728578424,183.81,427.74
2025-04-25,ARTI.NS,1.3260656807307525,183.92,427.81
2016-08-26,AEGS.NS,1.3258613532586137,48.18,112.06
2025-06-25,TVEL.NS,1.3250088683930472,422.85,983.13
2007-11-02,WHEL.NS,1.3248291571753987,65.85,153.09
2005-06-14,OSGL.NS,1.3240165631469978,9.66,22.45
2018-06-29,WSTC.NS,1.3235087013378934,99.41,230.98
2011-08-12,IMCL.NS,1.3232888506241927,23.23,53.97
2008-01-10,WSTC.NS,1.3229932842980494,31.27,72.64
2022-04-21,BOB.NS,1.3227261933032533,42.11,97.81
2009-07-09,HEGL.NS,1.3224151539068667,25.34,58.85
2023-02-01,WSTC.NS,1.3219648469328367,515.46,1196.88
2009-02-26,THOM.NS,1.3218884120171674,4.66,10.82
2015-01-07,WRRN.BO,1.321606608745193,70.21,163.0
2023-04-10,BOB.NS,1.3214906047686723,63.33,147.02
2023-10-17,BRIT.NS,1.321031831283456,4468.56,10371.67
2019-07-03,CEMI.NS,1.3205398162327717,104.48,242.45
2024-03-19,CHPC.NS,1.3197908972100687,351.98,816.52
2021-12-24,VENK.NS,1.319585336705483,1079.43,2503.83
2026-05-11,WHEL.NS,1.3184590238844267,568.99,1319.18
2005-08-11,ASHT.NS,1.3184191395149032,151.31,350.8
2018-11-13,BRIT.NS,1.318102761211902,2547.07,5904.37
2025-05-26,CEMI.NS,1.3168843368382777,660.02,1529.19
2010-11-11,GICH.NS,1.3160491341119616,99.32,230.03
2010-12-13,JKIN.NS,1.3149717514124295,21.24,49.17
2010-01-18,TVEL.NS,1.3147656940760388,11.31,26.18
2016-05-10,NALU.NS,1.314121037463977,10.41,24.09
2007-07-26,CHPC.NS,1.313764291996482,181.92,420.92
2020-12-03,ASHT.NS,1.3129720853858786,60.9,140.86
2018-03-08,ARTI.NS,1.3127567990608493,102.22,236.41
2014-09-11,BRIT.NS,1.3114233547670082,251.94,582.34
2015-11-04,VSTI.NS,1.310972996142306,46.66,107.83
2017-06-20,CEMI.NS,1.3103051899534455,173.99,401.97
2018-05-18,CEMI.NS,1.3102879424115175,66.68,154.05
2014-10-16,HLVL.NS,1.3095652173913042,23.0,53.12
2014-10-10,GENS.NS,1.3076128651519623,67.78,156.41
2024-03-12,TAJG.NS,1.306788785569461,143.03,329.94
2026-03-02,CHPC.NS,1.3052420918073322,954.39,2200.1
2016-07-15,KAMT.NS,1.3048327137546472,16.14,37.2
2014-09-04,CEMI.NS,1.3035625927758536,40.42,93.11
2025-05-28,WSTC.NS,1.3035457791275085,487.34,1122.61
2025-05-30,TAJG.NS,1.3034498462939772,439.15,1011.56
2022-03-09,XPRO.NS,1.3034382149132986,301.61,694.74
2024-12-20,GICH.NS,1.301928516328105,194.45,447.61
2022-02-14,WHEL.NS,1.3019017432646591,265.02,610.05
2023-05-15,XPRO.NS,1.301558892243794,731.93,1684.58
2014-10-10,TAJG.NS,1.3012359343294593,108.42,249.5
2025-07-23,THOM.NS,1.3009745127436276,80.04,184.17
2022-11-28,CHPC.NS,1.3009489380930863,177.04,407.36
2006-06-26,BOB.NS,1.3007181328545778,11.14,25.63
2005-11-14,WHEL.NS,1.2999436460974922,70.98,163.25
2005-03-24,WSTC.NS,1.2998003992015965,25.05,57.61
2010-08-03,WHEL.NS,1.2997356245869134,30.26,69.59
2009-06-24,CHPC.NS,1.2996790915823255,121.53,279.48
2007-10-08,TVEL.NS,1.299336149668075,16.57,38.1
2020-01-27,WSTC.NS,1.2990319865319866,95.04,218.5
2015-04-23,GENS.NS,1.2988505747126435,25.23,58.0
2019-11-05,XPRO.NS,1.2983870967741935,7.44,17.1
2017-07-05,ARTI.NS,1.2983575187370433,188.13,432.39
2022-04-27,GICH.NS,1.2969177457596208,54.83,125.94
2025-01-17,VENK.NS,1.2964950973879308,752.66,1728.48
2015-03-05,TAJG.NS,1.296136778908901,76.62,175.93
2009-08-04,HLVL.NS,1.2960704607046072,14.76,33.89
2016-03-02,BRIT.NS,1.2958914714393672,542.53,1245.59
2007-06-07,WIPR.NS,1.2957983193277314,41.65,95.62
2014-03-25,OSGL.NS,1.2948979591836731,9.8,22.49
2023-01-03,MDRD.BO,1.293120638085743,10.03,23.0
2026-02-04,HEGL.NS,1.2930071114121233,236.24,541.7
2015-06-04,CHPC.NS,1.292673810117119,80.26,184.01
2016-07-19,TAJG.NS,1.2907825496520116,58.91,134.95
2021-11-25,ARTI.NS,1.2906569547555682,356.95,817.65
2012-09-14,IMCL.NS,1.2901408450704226,10.65,24.39
2021-08-05,OSGL.NS,1.2901164975573094,26.61,60.94
2012-01-16,HEGL.NS,1.2897196261682242,27.82,63.7
2025-08-05,JKIN.NS,1.2891270842090514,142.74,326.75
2006-01-12,HLVL.NS,1.288921071687183,55.24,126.44
2022-11-29,WIPR.NS,1.287963647891789,189.26,433.02
2010-04-27,HLVL.NS,1.287646346386758,49.54,113.33
2005-09-06,KAMT.NS,1.2876235666271252,126.45,289.27
2022-04-27,JKIN.NS,1.2857366158655723,127.95,292.46
2007-10-04,XPRO.NS,1.2855407047387604,8.23,18.81
2019-01-09,AEGS.NS,1.285264028107885,193.54,442.29
2024-03-15,HLVL.NS,1.2851612903225806,23.25,53.13
2020-05-21,GICH.NS,1.2851153039832286,23.85,54.5
2009-12-29,WIPR.NS,1.2845833333333334,24.0,54.83
2016-08-19,BOB.NS,1.2835560279380505,131.72,300.79
2016-11-09,MDRD.BO,1.2830957230142568,4.91,11.21
2017-04-20,JAAO.NS,1.2830212793149718,156.49,357.27
2025-10-17,AEGS.NS,1.2827441649671423,353.04,805.9
2017-06-12,SEAM.NS,1.2819876710269131,133.02,303.55
2012-02-17,CHPC.NS,1.2819435104236718,59.48,135.73
2008-06-02,AEGS.NS,1.2817423540315107,10.79,24.62
2024-03-27,MDRD.BO,1.2815964523281598,31.57,72.03
2010-11-12,WRRN.BO,1.2814468410001911,104.78,239.05
2015-11-05,XPRO.NS,1.2812291249164995,29.94,68.3
2018-05-07,NALU.NS,1.2807583703106094,49.58,113.08
2009-06-15,AEGS.NS,1.2807339449541284,5.45,12.43
2022-12-16,BOB.NS,1.2801302931596092,70.61,161.0
2010-04-09,KAMT.NS,1.2789972144846797,89.75,204.54
2005-11-02,KAMT.NS,1.2787265443811933,94.86,216.16
2014-03-31,NALU.NS,1.278582126809785,20.03,45.64
2022-06-07,ASHT.NS,1.278534923339012,35.22,80.25
2009-02-20,IMCL.NS,1.2779291553133514,14.68,33.44
2010-04-09,GICH.NS,1.2775080906148868,24.72,56.3
2017-05-24,WIPR.NS,1.277059569074778,39.45,89.83
2010-05-31,HLVL.NS,1.276541961577351,19.78,45.03
2012-09-18,VSTI.NS,1.2764395503555859,43.59,99.23
2018-02-27,WHEL.NS,1.2763996515200144,436.18,992.92
2017-02-28,JKIN.NS,1.2763292958324777,48.71,110.88
2006-10-03,BOB.NS,1.2763056341651664,38.87,88.48
2012-10-08,ARTI.NS,1.276143790849673,6.12,13.93
2024-11-19,JKIN.NS,1.2751767051289797,165.53,376.61
2019-06-13,WIPR.NS,1.2741228070175437,136.8,311.1
2005-01-06,WRRN.BO,1.2738051130048165,26.99,61.37
2011-08-10,ARTI.NS,1.2732732732732734,3.33,7.57
2019-08-26,VENK.NS,1.2727257378267036,592.28,1346.09
2005-09-12,WIPR.NS,1.2720562390158174,28.45,64.64
2020-03-04,JAAO.NS,1.2717653361907315,74.66,169.61
2017-11-24,TANE.BO,1.2701386286998875,26.69,60.59
2014-08-22,BRIT.NS,1.2697813037820596,238.23,540.73
2017-05-22,WSTC.NS,1.269477087608033,160.83,365.0
2007-10-16,SEAM.NS,1.2677920816128245,82.34,186.73
2020-11-14,XPRO.NS,1.2671009771986967,9.21,20.88
2014-11-03,MDRD.BO,1.2669220945083013,7.83,17.75
2019-07-25,CEMI.NS,1.2668851691443286,85.43,193.66
2011-11-25,KAMT.NS,1.2658079625292737,42.7,96.75
2015-06-04,JKIN.NS,1.2656048717648436,85.39,193.46
2020-07-20,WRRN.BO,1.2654761904761904,42.0,95.15
2007-02-02,TVEL.NS,1.2635855764347381,19.69,44.57
2023-08-09,CHPC.NS,1.2625507507894569,155.17,351.08
2020-04-17,VSTI.NS,1.2621463414634149,102.5,231.87
2016-09-02,HEGL.NS,1.2618320610687022,13.1,29.63
2007-07-23,MDRD.BO,1.2611218568665374,10.34,23.38
2014-12-04,VENK.NS,1.2605554547104738,275.45,622.67
2021-12-30,IMCL.NS,1.260493431592438,31.21,70.55
2006-01-17,WSTC.NS,1.2594071894050871,47.57,107.48
2019-02-04,CEMI.NS,1.259381443298969,48.5,109.58
2009-04-01,WIPR.NS,1.2587176602924632,8.89,20.08
2010-03-11,NALU.NS,1.2584708948740229,46.04,103.98
2009-09-18,GICH.NS,1.2583427071616047,53.34,120.46
2011-12-08,JAAO.NS,1.2577597840755734,14.82,33.46
2010-03-08,MDRD.BO,1.2574538570752485,21.13,47.7
2023-03-29,ARTI.NS,1.2569313427938642,487.64,1100.57
2020-12-04,THOM.NS,1.2569169960474307,22.77,51.39
2016-06-21,VSTI.NS,1.256615878107458,49.88,112.56
2022-12-22,SEAM.NS,1.2564419818172037,929.45,2097.25
2017-09-26,OSGL.NS,1.2559923298178335,10.43,23.53
2022-08-04,SEAM.NS,1.2558726117652608,848.43,1913.95
2011-05-10,BOB.NS,1.255778932309314,132.81,299.59
2010-08-26,NALU.NS,1.2550493189290748,21.29,48.01
2013-10-29,JAAO.NS,1.2546201232032854,14.61,32.94
2023-12-11,ASHT.NS,1.253888560740303,101.58,228.95
2009-06-05,NALU.NS,1.253481894150418,17.95,40.45
2010-09-22,TVEL.NS,1.253071253071253,28.49,64.19
2013-04-30,TANE.BO,1.2525100401606424,19.92,44.87
2006-01-23,CEMI.NS,1.2524615990547456,25.39,57.19
2020-05-15,AEGS.NS,1.2524530417717967,71.34,160.69
2022-09-01,HEGL.NS,1.252049852410627,243.92,549.32
2007-08-21,BRIT.NS,1.2508775170884907,54.13,121.84
2021-10-06,ARTI.NS,1.2508360475376086,918.01,2066.29
2017-11-09,WIPR.NS,1.2504347826086954,46.0,103.52
2015-06-08,KAMT.NS,1.2501028383381327,24.31,54.7
2018-03-26,VENK.NS,1.25008670217199,3719.63,8369.49
2018-10-17,BRIT.NS,1.2498393817574391,1089.54,2451.29
2024-08-19,WHEL.NS,1.2468774395003903,358.68,805.91
2005-12-13,BRIT.NS,1.246312025033527,44.74,100.5
2026-06-08,WSTC.NS,1.245903853078862,222.16,498.95
2006-03-30,OSGL.NS,1.245505269683819,16.13,36.22
2019-06-04,OSGL.NS,1.2454923717059643,7.21,16.19
2019-10-22,CHPC.NS,1.2441260744985674,139.6,313.28
2017-12-20,GENS.NS,1.2439361982599526,151.72,340.45
2019-11-14,BOB.NS,1.2436292355082612,35.71,80.12
2009-10-27,SEAM.NS,1.243031784841076,81.8,183.48
2026-03-02,XPRO.NS,1.2413563829787235,902.4,2022.6
2006-04-05,TANE.BO,1.2408277948884208,185.07,414.71
2014-04-16,GICH.NS,1.2405019170442664,86.07,192.84
2006-05-02,JAAO.NS,1.2402694610778444,13.36,29.93
2012-11-20,BOB.NS,1.2402665731322342,114.04,255.48
2005-02-23,THOM.NS,1.2400793650793651,5.04,11.29
2009-06-11,TAJG.NS,1.2398804672643302,36.81,82.45
2014-05-26,HLVL.NS,1.2391732283464565,10.16,22.75
2011-06-29,BRIT.NS,1.2390125735378938,86.69,194.1
2007-09-05,WRRN.BO,1.2388978063135365,37.38,83.69
2023-05-16,WIPR.NS,1.2376122381110743,180.42,403.71
2025-10-30,BOB.NS,1.2374661246612466,118.08,264.2
2012-04-04,GICH.NS,1.2371794871794872,26.52,59.33
2014-06-24,CEMI.NS,1.2362962962962962,13.5,30.19
2010-05-16,WHEL.NS,1.2362857142857142,35.0,78.27
2007-08-14,TAJG.NS,1.235913638757241,132.93,297.22
2008-04-03,THOM.NS,1.2347343378271214,12.61,28.18
2015-08-06,JKIN.NS,1.2344338577442944,45.13,100.84
2016-09-27,GICH.NS,1.2334360554699542,116.82,260.91
2005-05-31,VENK.NS,1.233133954652942,71.89,160.54
2019-07-04,XPRO.NS,1.2329999999999997,10.0,22.33
2018-12-19,WIPR.NS,1.232677991983203,52.39,116.97
2013-08-12,KAMT.NS,1.2325695581014728,61.1,136.41
2024-01-18,BRIT.NS,1.2321919622872493,2189.18,4886.67
2023-12-20,BOB.NS,1.231975530417051,205.97,459.72
2018-09-10,KAMT.NS,1.2315946348733235,67.1,149.74
2007-07-25,VENK.NS,1.2310564462991431,91.06,203.16
2019-07-31,JAAO.NS,1.2308717167872096,52.54,117.21
2009-08-17,WHEL.NS,1.2306206230379138,41.41,92.37
2012-06-29,WIPR.NS,1.230095541401274,25.12,56.02
2025-12-16,ASHT.NS,1.2298802561960458,143.64,320.3
2012-03-05,NALU.NS,1.2298136645962732,12.88,28.72
2023-09-15,TANE.BO,1.2289114455722787,114.28,254.72
2008-10-29,VSTI.NS,1.228329809725158,4.73,10.54
2009-11-20,MDRD.BO,1.2276955602537,47.3,105.37
2017-07-05,BOB.NS,1.2275650394621453,136.84,304.82
2019-02-21,BOB.NS,1.2259925347811338,88.41,196.8
2009-04-30,MDRD.BO,1.2252010723860591,7.46,16.6
2012-07-18,THOM.NS,1.2250252270433903,9.91,22.05
2005-10-18,JAAO.NS,1.2245033112582786,15.1,33.59
2019-10-17,AEGS.NS,1.2238588303923001,68.57,152.49
2012-03-28,ASHT.NS,1.2233400402414487,74.55,165.75
2016-02-22,HLVL.NS,1.2229299363057327,7.85,17.45
2019-06-20,ASHT.NS,1.222614217675075,56.69,126.0
2014-12-19,WRRN.BO,1.222172380647228,156.05,346.77
2007-03-22,THOM.NS,1.2213740458015265,5.24,11.64
2023-12-04,TVEL.NS,1.221079857743291,154.65,343.49
2021-07-29,TANE.BO,1.219391060246167,46.31,102.78
2020-03-12,JKIN.NS,1.2188487188487191,56.98,126.43
2007-08-09,ARTI.NS,1.2180851063829787,3.76,8.34
2018-02-19,WIPR.NS,1.2176431276453554,44.89,99.55
2023-07-13,VSTI.NS,1.2172270494899888,132.35,293.45
2006-08-14,VSTI.NS,1.2170929507174049,16.03,35.54
2012-10-30,ARTI.NS,1.2166427546628409,6.97,15.45
2010-05-17,VSTI.NS,1.2156578470460313,27.59,61.13
2018-02-12,XPRO.NS,1.214765100671141,17.88,39.6
2024-01-05,IMCL.NS,1.2144293053383963,179.08,396.56
2023-01-09,CEMI.NS,1.2131267092069278,54.85,121.39
2026-03-30,BRIT.NS,1.213126127376162,2450.38,5423.0
2005-03-15,OSGL.NS,1.2129629629629628,4.32,9.56
2014-05-15,JAAO.NS,1.2117445349335623,23.33,51.6
2024-05-28,WHEL.NS,1.2110728910728907,305.25,674.93
2013-02-25,ASHT.NS,1.210190198528391,144.06,318.4
2015-02-03,THOM.NS,1.2086927670869274,30.14,66.57
2005-04-07,BOB.NS,1.208638956805216,12.27,27.1
2019-10-29,WRRN.BO,1.2082018927444795,19.02,42.0
2011-05-10,WIPR.NS,1.2081790642881187,59.42,131.21
2018-12-13,IMCL.NS,1.208059445555873,34.99,77.26
2021-01-04,MDRD.BO,1.2075471698113205,2.65,5.85
2022-12-12,THOM.NS,1.2068595927116825,37.32,82.36
2005-11-10,WRRN.BO,1.2067916877850986,19.73,43.54
2016-05-10,CEMI.NS,1.2057441253263708,57.45,126.72
2022-11-04,AEGS.NS,1.2049254405784002,132.78,292.77
2023-10-19,ARTI.NS,1.2049225663716814,216.96,478.38
2007-04-19,IMCL.NS,1.204787234042553,7.52,16.58
2022-04-01,VENK.NS,1.2021439582817885,2101.72,4628.29
2007-05-03,HEGL.NS,1.2020484171322159,10.74,23.65
2023-06-21,GENS.NS,1.201713449885074,143.57,316.1
2011-05-24,WRRN.BO,1.2016825326544165,90.34,198.9
2015-04-16,TANE.BO,1.2016117426967914,69.49,152.99
2008-07-01,TANE.BO,1.2013784836679653,33.37,73.46
2008-12-29,BOB.NS,1.2013760254035457,37.79,83.19
2018-05-15,XPRO.NS,1.200529450694904,15.11,33.25
2006-04-18,SEAM.NS,1.2005185825410543,46.28,101.84
2007-03-30,THOM.NS,1.2003853564547202,5.19,11.42
2009-11-18,MDRD.BO,1.19970703125,20.48,45.05
2011-12-29,IMCL.NS,1.1992296918767509,28.56,62.81
2018-04-06,JKIN.NS,1.1991303757048715,147.19,323.69
2006-01-19,THOM.NS,1.1981707317073171,13.12,28.84
2014-01-01,JAAO.NS,1.1980267794221282,14.19,31.19
2023-10-11,TAJG.NS,1.1978324761205,108.88,239.3
2009-06-18,ASHT.NS,1.196396123561478,132.08,290.1
2008-02-27,THOM.NS,1.195260663507109,10.55,23.16
2024-04-24,HEGL.NS,1.1943630443630444,491.4,1078.31
2014-06-12,TAJG.NS,1.1941576429111054,39.71,87.13
2025-12-22,ASHT.NS,1.1940428172510082,322.3,707.14
2011-04-15,TANE.BO,1.1929720071471115,33.58,73.64
2022-03-21,THOM.NS,1.192384769539078,29.94,65.64
2018-07-12,AEGS.NS,1.192346471127406,218.2,478.37
2009-11-18,GICH.NS,1.1920838183934808,25.77,56.49
2005-05-11,SEAM.NS,1.191981703215391,74.33,162.93
2017-08-08,XPRO.NS,1.1909959072305591,14.66,32.12
2015-02-28,WIPR.NS,1.1896239694349489,49.73,108.89
2023-04-19,MDRD.BO,1.1893462469733658,20.65,45.21
2008-06-03,WSTC.NS,1.1888786764705883,21.76,47.63
2017-02-03,ARTI.NS,1.1887300014158293,70.63,154.59
2022-08-04,OSGL.NS,1.1881226053639846,26.1,57.11
2005-05-10,ARTI.NS,1.1879310344827587,5.8,12.69
2013-08-02,CHPC.NS,1.187847866419295,21.56,47.17
2023-01-11,AEGS.NS,1.187298781642573,158.41,346.49
2009-04-09,BRIT.NS,1.1866385911179171,52.24,114.23
2005-03-11,MDRD.BO,1.1862464183381087,3.49,7.63
2008-07-08,WIPR.NS,1.186152841280209,15.31,33.47
2016-07-21,VSTI.NS,1.185287515109653,57.91,126.55
2009-07-24,WIPR.NS,1.1837455830388692,16.98,37.08
2018-07-06,JKIN.NS,1.1832614660917287,51.02,111.39
2005-01-28,XPRO.NS,1.1816524908869983,16.46,35.91
2022-08-22,AEGS.NS,1.1814774181751693,109.38,238.61
2005-04-08,WIPR.NS,1.181431334622824,25.85,56.39
2021-04-26,BRIT.NS,1.1811792474599963,1516.73,3308.26
2006-04-12,BOB.NS,1.1799536883890176,30.23,65.9
2020-06-09,THOM.NS,1.1798147556691152,31.31,68.25
2011-06-17,TANE.BO,1.1793820933165193,31.72,69.13
2020-12-03,GENS.NS,1.1791153009427124,27.58,60.1
2016-09-01,THOM.NS,1.1788860471724925,70.38,153.35
2022-03-25,JKIN.NS,1.1787928896238111,48.38,105.41
2015-03-05,WIPR.NS,1.1787884728484612,51.01,111.14
2005-05-03,ASHT.NS,1.1783496007098493,135.24,294.6
2019-04-22,OSGL.NS,1.1783333333333332,6.0,13.07
2017-06-07,GICH.NS,1.177446330790203,436.47,950.39
2026-04-06,KAMT.NS,1.1772370695386254,75.21,163.75
2008-12-19,WIPR.NS,1.177062374245473,19.88,43.28
2016-10-14,BOB.NS,1.176977939956875,60.29,131.25
2020-06-19,VENK.NS,1.1765971005257287,502.16,1093.0
2008-01-25,HEGL.NS,1.1755226480836236,22.96,49.95
2019-01-28,TANE.BO,1.1735731039874904,12.79,27.8
2010-01-11,JAAO.NS,1.1735585323238205,17.17,37.32
2016-05-11,CHPC.NS,1.1735563469854995,157.24,341.77
2014-02-04,WRRN.BO,1.1732510564088803,149.09,324.01
2015-05-06,WHEL.NS,1.1726352666407163,256.9,558.15
2019-12-12,AEGS.NS,1.172583081570997,79.44,172.59
2005-03-24,HLVL.NS,1.1725304465493913,29.56,64.22
2019-05-06,ASHT.NS,1.1721537887271372,133.95,290.96
2023-05-11,THOM.NS,1.1718392682130023,30.61,66.48
2007-08-31,CEMI.NS,1.1714485654303712,14.29,31.03
2007-03-15,ASHT.NS,1.1712195604178333,303.47,658.9
2024-06-11,BOB.NS,1.1701777199826617,115.35,250.33
2022-03-24,THOM.NS,1.1698027999397858,66.43,144.14
2016-04-07,CHPC.NS,1.1697396199859256,71.05,154.16
2025-10-20,WRRN.BO,1.1694915254237288,23.01,49.92
2010-04-07,TVEL.NS,1.1688524590163936,12.2,26.46
2015-06-25,JAAO.NS,1.1688248228683116,40.93,88.77
2016-06-29,AEGS.NS,1.168255748738082,53.49,115.98
2012-03-02,HLVL.NS,1.1678103555832813,16.03,34.75
2020-10-26,MDRD.BO,1.1675977653631282,1.79,3.88
2006-06-05,WSTC.NS,1.1668868339938352,22.71,49.21
2006-12-14,WRRN.BO,1.1663414634146338,20.5,44.41
2005-05-20,ASHT.NS,1.165833152134522,137.97,298.82
2022-01-07,HLVL.NS,1.1655813953488372,10.75,23.28
2016-10-21,TANE.BO,1.1649578491683754,43.89,95.02
2025-03-26,VENK.NS,1.1646108326465545,740.17,1602.18
2017-09-13,MDRD.BO,1.1637931034482762,5.8,12.55
2025-12-23,WIPR.NS,1.1624029423784226,122.35,264.57
2023-11-02,GICH.NS,1.1623594854560202,86.29,186.59
2017-08-08,THOM.NS,1.1614654002713705,36.85,79.65
2011-05-02,NALU.NS,1.1605301914580264,20.37,44.01
2007-06-14,MDRD.BO,1.1591695501730102,5.78,12.48
2023-03-02,TVEL.NS,1.1585652028159568,149.15,321.95
2019-04-01,VSTI.NS,1.1583369423993068,115.45,249.18
2011-07-11,ARTI.NS,1.1583333333333332,3.6,7.77
2026-05-21,BRIT.NS,1.1578338310148655,2471.46,5333.0
2012-02-17,TANE.BO,1.1576354679802958,24.36,52.56
2024-01-30,NALU.NS,1.1574845266294798,130.87,282.35
2020-08-13,TANE.BO,1.1569806279225117,29.94,64.58
2009-12-30,CEMI.NS,1.1569579288025893,18.54,39.99
2019-01-15,TANE.BO,1.1564160971905846,13.17,28.4
2005-07-01,WSTC.NS,1.155677655677656,32.76,70.62
2014-06-10,HLVL.NS,1.154471544715447,12.3,26.5
2021-03-31,BRIT.NS,1.154200828917054,3324.82,7162.33
2025-04-23,MDRD.BO,1.1524779830771892,57.91,124.65
2015-06-10,AEGS.NS,1.1518359245782333,30.23,65.05
2015-08-07,XPRO.NS,1.151790790221717,17.59,37.85
2023-01-20,TAJG.NS,1.151365015166835,197.8,425.54
2009-11-12,BOB.NS,1.1512625643540084,81.58,175.5
2009-11-13,IMCL.NS,1.1505190311418683,11.56,24.86
2013-01-25,HLVL.NS,1.1500386697602476,12.93,27.8
2023-11-01,VENK.NS,1.1497531055556784,903.22,1941.7
2020-06-23,JKIN.NS,1.149671621154511,28.93,62.19
2018-02-09,WSTC.NS,1.1495377434700655,111.41,239.48
2005-03-30,NALU.NS,1.1495098039215685,8.16,17.54
2018-04-05,HLVL.NS,1.1486033519553076,17.9,38.46
2013-12-31,ARTI.NS,1.1470923603192702,8.77,18.83
2011-03-31,HEGL.NS,1.1467478372316564,31.21,67.0
2023-03-21,GICH.NS,1.1462569664106042,66.39,142.49
2015-09-22,HEGL.NS,1.1460465116279068,10.75,23.07
2009-04-21,XPRO.NS,1.1448957189901208,9.11,19.54
2010-08-18,JAAO.NS,1.1447908121410992,24.38,52.29
2019-06-24,WRRN.BO,1.1443384487764416,24.11,51.7
2023-10-10,VSTI.NS,1.1442827130852344,133.28,285.79
2025-02-28,GICH.NS,1.1441396508728179,160.4,343.92
2015-09-18,IMCL.NS,1.1441241685144123,22.55,48.35
2018-03-14,IMCL.NS,1.1439243027888448,20.08,43.05
2008-02-18,CHPC.NS,1.143718376574443,92.89,199.13
2026-01-27,WIPR.NS,1.1436316695352842,232.4,498.18
2022-09-22,WHEL.NS,1.1432975706005672,162.18,347.6
2006-09-26,OSGL.NS,1.1430101767541507,18.67,40.01
2009-05-05,SEAM.NS,1.1429844097995545,44.9,96.22
2008-07-04,GENS.NS,1.1422743498215198,19.61,42.01
2010-05-13,BRIT.NS,1.1418951418951422,62.37,133.59
2020-04-21,GICH.NS,1.14103819784525,30.63,65.58
2008-12-01,HLVL.NS,1.139084507042254,17.04,36.45
2020-12-09,AEGS.NS,1.1389921272429366,250.23,535.24
2019-02-18,TANE.BO,1.1389739663093414,26.12,55.87
2018-08-13,BRIT.NS,1.1386558412268832,1330.2,2844.84
2010-05-10,IMCL.NS,1.1385970857336494,29.51,63.11
2015-06-30,CEMI.NS,1.1380357745528182,29.63,63.35
2018-10-10,VSTI.NS,1.1379234612639322,182.13,389.38
2015-01-09,WSTC.NS,1.137573297248534,22.17,47.39
2012-10-10,HEGL.NS,1.1374592833876225,15.35,32.81
2026-04-22,BRIT.NS,1.137452676659529,5837.5,12477.38
2011-10-11,VENK.NS,1.1372824024420427,242.42,518.12
2008-09-15,WSTC.NS,1.1372549019607843,18.87,40.33
2007-06-21,CEMI.NS,1.1369680851063833,30.08,64.28
2008-07-03,XPRO.NS,1.1359867330016584,6.03,12.88
2015-01-05,ARTI.NS,1.1355865592454313,50.89,108.68
2016-08-25,CHPC.NS,1.1352248717174764,99.39,212.22
2019-11-18,VENK.NS,1.1352101607260559,788.92,1684.51
2016-01-22,HLVL.NS,1.1351498637602178,18.35,39.18
2013-02-04,KAMT.NS,1.1347531847133756,50.24,107.25
2010-01-19,GENS.NS,1.1346767757382281,50.12,106.99
2005-08-11,SEAM.NS,1.1345764996629972,44.51,95.01
2005-04-29,ARTI.NS,1.1338582677165352,2.54,5.42
2007-11-01,WHEL.NS,1.1338302009073233,30.86,65.85
2022-07-28,WSTC.NS,1.133002547941531,372.85,795.29
2007-10-15,GICH.NS,1.1327800829875518,28.92,61.68
2005-03-10,TVEL.NS,1.132484076433121,54.95,117.18
2017-01-17,GICH.NS,1.1323741007194243,104.25,222.3
2018-10-05,AEGS.NS,1.1322169457635591,80.02,170.62
2010-05-25,TANE.BO,1.1316818774445894,15.34,32.7
2023-12-26,HLVL.NS,1.1315315315315315,27.75,59.15
2011-04-07,AEGS.NS,1.1314186248912095,11.49,24.49
2022-01-31,NALU.NS,1.1313843703787967,87.91,187.37
2015-04-13,TVEL.NS,1.1300753707755895,41.13,87.61
2006-06-01,THOM.NS,1.129757785467128,5.78,12.31
2014-06-17,JAAO.NS,1.1294458229942101,24.18,51.49
2022-08-17,MDRD.BO,1.129265770423992,9.67,20.59
2011-09-08,BOB.NS,1.1289496157130658,117.1,249.3
2006-06-15,AEGS.NS,1.128695652173913,5.75,12.24
2024-02-23,ASHT.NS,1.1286586320237908,63.89,136.0
2005-10-19,WRRN.BO,1.1286205203730977,20.37,43.36
2014-12-29,XPRO.NS,1.1279579316389134,11.41,24.28
2012-03-30,JAAO.NS,1.1278871869681497,41.13,87.52
2008-09-17,AEGS.NS,1.127659574468085,6.58,14.0
2026-02-03,NALU.NS,1.1264367816091956,171.39,364.45
2005-09-05,BOB.NS,1.1262011531069827,15.61,33.19
2012-11-23,CHPC.NS,1.1261894911046753,96.68,205.56
2026-02-01,ARTI.NS,1.1257929930845285,174.97,371.95
2017-11-28,XPRO.NS,1.125,16.16,34.34
2017-06-13,ARTI.NS,1.123926526717557,83.84,178.07
2006-06-15,ASHT.NS,1.1237129922679379,249.61,530.1
2023-07-25,HLVL.NS,1.1232974910394269,13.95,29.62
2018-07-13,AEGS.NS,1.122457511967724,478.37,1015.32
2026-05-29,KAMT.NS,1.1222430783669641,85.24,180.9
2014-08-22,OSGL.NS,1.1222301644031454,13.99,29.69
2009-09-29,TANE.BO,1.1220173535791758,18.44,39.13
2017-07-14,BRIT.NS,1.1211985770876827,1633.27,3464.49
2006-05-11,IMCL.NS,1.120240480961924,9.98,21.16
2021-08-17,AEGS.NS,1.1189721070179717,122.97,260.57
2013-12-03,GICH.NS,1.1184228233077644,74.31,157.42
2020-02-06,ASHT.NS,1.1169230769230767,91.0,192.64
2011-01-13,THOM.NS,1.116780045351474,8.82,18.67
2016-10-04,WIPR.NS,1.1166809658046328,81.59,172.7
2012-03-30,AEGS.NS,1.1164383561643834,5.84,12.36
2019-04-12,CHPC.NS,1.1164070515810094,107.21,226.9
2007-08-27,MDRD.BO,1.1163923023417572,43.13,91.28
2014-05-16,XPRO.NS,1.1162255466052935,8.69,18.39
2009-09-02,ARTI.NS,1.1161971830985915,2.84,6.01
2023-09-01,JKIN.NS,1.116097325169191,124.12,262.65
2007-07-19,MDRD.BO,1.1145418326693228,10.04,21.23
2015-10-29,HEGL.NS,1.1130369253956292,13.27,28.04
2023-07-21,TANE.BO,1.1128449263863174,113.43,239.66
2021-12-20,GENS.NS,1.1122052498887736,337.15,712.13
2021-05-05,HEGL.NS,1.1117177440123616,194.15,409.99
2018-11-09,GICH.NS,1.1114068263528973,214.17,452.2
2013-08-13,TANE.BO,1.111377245508982,8.35,17.63
2012-12-26,JKIN.NS,1.1112299465240643,9.35,19.74
2020-08-11,HEGL.NS,1.1111426543647975,70.45,148.73
2016-04-06,WSTC.NS,1.110965630114566,30.55,64.49
2007-01-09,THOM.NS,1.1107078039927405,5.51,11.63
2017-03-27,ASHT.NS,1.1099796334012217,49.1,103.6
2013-12-04,SEAM.NS,1.109531772575251,23.92,50.46
2013-09-17,CHPC.NS,1.1093819475322366,22.49,47.44
2013-08-22,JAAO.NS,1.109014675052411,14.31,30.18
2009-05-25,HEGL.NS,1.1074918566775245,21.49,45.29
2006-04-28,OSGL.NS,1.1074380165289255,16.94,35.7
2017-10-09,CHPC.NS,1.1071300609100683,167.46,352.86
2013-01-29,GICH.NS,1.1059847660500544,45.95,96.77
2006-04-13,MDRD.BO,1.1054393305439332,11.95,25.16
2005-06-27,WIPR.NS,1.1049926578560942,13.62,28.67
2015-07-13,THOM.NS,1.1044980800877675,36.46,76.73
2011-06-15,XPRO.NS,1.1036474164133736,32.9,69.21
2010-11-26,CHPC.NS,1.103270330763492,160.84,338.29
2023-11-22,JKIN.NS,1.1028292311596042,157.64,331.49
2015-09-29,TANE.BO,1.102258469259724,31.88,67.02
2026-02-10,WSTC.NS,1.1018512208972178,440.25,925.34
2010-07-29,BRIT.NS,1.10168569874932,73.56,154.6
2019-08-19,HEGL.NS,1.1016055595494851,83.46,175.4
2007-03-28,TANE.BO,1.10157572600599,76.79,161.38
2019-07-31,WIPR.NS,1.1009142659996551,57.97,121.79
2015-04-07,JAAO.NS,1.0997690531177833,21.65,45.46
2025-07-21,XPRO.NS,1.0996044400299723,573.87,1204.9
2014-10-10,AEGS.NS,1.0991922455573504,30.95,64.97
2015-08-13,NALU.NS,1.0991313234542668,19.57,41.08
2014-10-23,BRIT.NS,1.0990035897607946,298.07,625.65
2014-08-13,TANE.BO,1.09875,16.0,33.58
2008-01-25,BRIT.NS,1.0977607864554888,54.93,115.23
2007-01-05,HLVL.NS,1.0975891677675031,60.56,127.03
2013-08-27,IMCL.NS,1.097184377838329,11.01,23.09
2010-02-15,WHEL.NS,1.097006441834028,52.78,110.68
2012-05-09,GICH.NS,1.0963636363636362,27.5,57.65
2017-01-27,JAAO.NS,1.0963445619211538,244.02,511.55
2017-07-05,AEGS.NS,1.0954221524338688,82.79,173.48
2010-01-05,BRIT.NS,1.0947955390334574,64.56,135.24
2005-10-18,MDRD.BO,1.0937500000000004,4.8,10.05
2005-03-03,WHEL.NS,1.0935599284436495,55.9,117.03
2019-04-03,BRIT.NS,1.0929563641854148,2649.2,5544.66
2009-05-08,WSTC.NS,1.092802450229709,32.65,68.33
2019-02-01,TANE.BO,1.0927601809954752,13.26,27.75
2025-03-03,WHEL.NS,1.0922642876205724,262.29,548.78
2010-07-27,BRIT.NS,1.0921297527253393,75.22,157.37
2023-06-30,GICH.NS,1.0915796306130878,169.47,354.46
2015-06-22,THOM.NS,1.091468101460415,39.03,81.63
2008-07-21,TVEL.NS,1.0912052117263844,24.56,51.36
2006-03-20,THOM.NS,1.0907604251839738,12.23,25.57
2013-03-14,BRIT.NS,1.0904766099903092,227.02,474.58
2006-02-16,GENS.NS,1.0898021308980215,6.57,13.73
2009-05-20,MDRD.BO,1.089589905362776,15.85,33.12
2010-04-01,ASHT.NS,1.0887848703333205,529.82,1106.68
2012-01-30,BOB.NS,1.088778146917682,54.18,113.17
2010-04-06,OSGL.NS,1.0886075949367089,17.38,36.3
2017-12-27,ASHT.NS,1.0885175968716672,84.39,176.25
2005-03-17,HEGL.NS,1.0879629629629628,4.32,9.02
2006-03-13,WIPR.NS,1.0873055694932265,39.86,83.2
2023-03-21,WIPR.NS,1.0870783095847036,82.11,171.37
2008-10-23,THOM.NS,1.0867768595041323,7.26,15.15
2026-01-07,AEGS.NS,1.0854796046220243,359.15,749.0
2021-05-20,WIPR.NS,1.0853539390709654,112.59,234.79
2007-10-30,WHEL.NS,1.084989179618336,50.83,105.98
2015-01-21,JKIN.NS,1.0842972147682057,108.07,225.25
2013-01-29,BRIT.NS,1.0838981310330666,97.38,202.93
2021-07-15,BRIT.NS,1.083815169774994,3282.58,6840.29
2025-07-17,AEGS.NS,1.082949180007264,357.93,745.55
2015-06-26,TAJG.NS,1.0824046920821115,34.1,71.01
2006-06-08,WSTC.NS,1.0821283979178715,17.29,36.0
2015-04-06,ARTI.NS,1.081607795371498,32.84,68.36
2019-09-23,TANE.BO,1.081573896353167,10.42,21.69
2013-07-08,VENK.NS,1.0808998039418016,290.73,604.98
2025-01-24,NALU.NS,1.080891998250984,91.48,190.36
2021-10-29,HLVL.NS,1.080078125,5.12,10.65
2009-05-14,TAJG.NS,1.0791635548917102,53.56,111.36
2013-01-09,THOM.NS,1.0785498489425982,19.86,41.28
2007-03-15,SEAM.NS,1.0783879797332712,171.71,356.88
2018-03-26,KAMT.NS,1.0781065088757398,42.25,87.8
2012-08-22,AEGS.NS,1.0780632411067197,10.12,21.03
2010-05-19,NALU.NS,1.0770508826583596,48.15,100.01
2018-01-05,BRIT.NS,1.0770323759261138,985.3,2046.5
2025-10-09,ARTI.NS,1.0767383473419931,183.22,380.5
2008-07-03,NALU.NS,1.0759748427672955,39.75,82.52
2017-01-19,ASHT.NS,1.075322101090188,50.45,104.7
2007-06-01,CHPC.NS,1.0752861952861954,74.25,154.09
2025-06-25,NALU.NS,1.0752452394691283,86.65,179.82
2007-03-01,IMCL.NS,1.0748730964467006,7.88,16.35
2005-02-21,CEMI.NS,1.0747227086981903,17.13,35.54
2025-04-17,ASHT.NS,1.0733718054410555,181.95,377.25
2010-09-28,CEMI.NS,1.0730804810360777,10.81,22.41
2014-09-15,WSTC.NS,1.0726591760299629,26.7,55.34
2020-06-15,JKIN.NS,1.0723183391003461,28.9,59.89
2024-02-02,JAAO.NS,1.0721461187214611,251.85,521.87
2023-02-14,GENS.NS,1.0714158026456917,223.76,463.5
2020-02-05,WSTC.NS,1.0712108898821615,98.44,203.89
2026-05-13,CEMI.NS,1.0711611363317268,427.34,885.09
2013-08-06,WIPR.NS,1.071027781579308,73.07,151.33
2010-02-24,ARTI.NS,1.0710059171597632,6.76,14.0
2006-10-20,VSTI.NS,1.0702634880803013,7.97,16.5
2015-09-21,XPRO.NS,1.069511800840608,30.93,64.01
2023-06-26,HLVL.NS,1.0689655172413794,6.09,12.6
2022-03-09,JKIN.NS,1.068231549631987,50.27,103.97
2007-10-31,WSTC.NS,1.068056762235737,34.53,71.41
2020-06-15,VENK.NS,1.0678649014984125,538.57,1113.69
2016-12-02,WSTC.NS,1.0673141891891893,118.4,244.77
2018-08-14,NALU.NS,1.0669456066945604,21.51,44.46
2010-01-18,GICH.NS,1.0666063348416293,55.25,114.18
2024-12-31,WIPR.NS,1.0665352030382707,136.92,282.95
2025-05-15,WSTC.NS,1.0663664582695755,228.73,472.64
2009-11-26,TANE.BO,1.0662549129702414,17.81,36.8
2021-07-20,CHPC.NS,1.0659470399730138,118.58,244.98
2006-02-16,WHEL.NS,1.0656240417049987,32.61,67.36
2009-11-05,GENS.NS,1.0651780325890163,33.14,68.44
2011-08-04,WSTC.NS,1.065123868862187,67.41,139.21
2017-04-24,BOB.NS,1.064987814784728,73.86,152.52
2005-09-23,VENK.NS,1.0648912228057013,106.64,220.2
2009-09-18,TAJG.NS,1.0642170329670328,116.48,240.44
2014-07-04,NALU.NS,1.0637398373983742,30.75,63.46
2018-04-25,TVEL.NS,1.0630402740708282,502.06,1035.77
2011-04-21,AEGS.NS,1.0621521335807054,10.78,22.23
2006-02-10,WSTC.NS,1.0616319444444446,23.04,47.5
2019-06-13,JAAO.NS,1.06073546856465,84.3,173.72
2011-09-15,BOB.NS,1.0606749431718834,57.19,117.85
2010-08-11,JKIN.NS,1.060582218725413,25.42,52.38
2012-12-26,HEGL.NS,1.060283687943262,16.92,34.86
2020-07-24,THOM.NS,1.0600978336827391,14.31,29.48
2014-10-31,AEGS.NS,1.0600375234521575,15.99,32.94
2014-03-19,WIPR.NS,1.0589050589050588,43.29,89.13
2024-11-04,NALU.NS,1.0581384338604298,211.22,434.72
2008-07-08,HLVL.NS,1.0570021111893033,14.21,29.23
2016-07-19,WRRN.BO,1.0568133276377614,70.23,144.45
2019-07-15,ARTI.NS,1.0565873980211768,172.83,355.44
2007-04-25,VENK.NS,1.05644111906311,61.48,126.43
2009-12-15,CEMI.NS,1.0560524746571258,16.77,34.48
2007-05-07,WRRN.BO,1.0557601262493423,19.01,39.08
2026-06-17,IMCL.NS,1.0556756756756758,185.0,380.3
2010-02-17,IMCL.NS,1.0553145336225596,27.66,56.85
2013-02-05,THOM.NS,1.053872053872054,8.91,18.3
2013-09-11,ARTI.NS,1.053745928338762,6.14,12.61
2007-06-08,OSGL.NS,1.0535815002820077,17.73,36.41
2011-02-07,TAJG.NS,1.0532510129268764,103.66,212.84
2025-04-07,TANE.BO,1.0531215005599108,142.88,293.35
2017-02-27,BRIT.NS,1.0521074338597725,695.87,1428.0
2016-11-17,WRRN.BO,1.0515267175572518,57.64,118.25
2006-04-17,SEAM.NS,1.0514184397163122,22.56,46.28
2007-04-20,KAMT.NS,1.0512964260686757,71.35,146.36
2015-07-21,CEMI.NS,1.0512004628290423,34.57,70.91
2006-12-06,TAJG.NS,1.0505121159130653,200.15,410.41
2007-12-27,ASHT.NS,1.0504078085305522,747.9,1533.5
2008-08-11,NALU.NS,1.0502952110212118,45.73,93.76
2021-05-20,BOB.NS,1.0502496878901373,32.04,65.69
2020-03-27,WIPR.NS,1.0496673003802282,84.16,172.5
2005-02-18,BRIT.NS,1.0493685419058552,69.68,142.8
2014-09-08,TAJG.NS,1.0488762040670707,56.06,114.86
2021-11-02,TAJG.NS,1.0488047808764942,70.28,143.99
2006-06-08,WHEL.NS,1.0481314811191549,51.11,104.68
2018-04-23,AEGS.NS,1.0461276067912242,128.99,263.93
2021-06-29,JAAO.NS,1.0457096263609764,208.49,426.51
2008-05-21,JKIN.NS,1.04517453798768,19.48,39.84
2008-05-09,WRRN.BO,1.0448687350835324,20.95,42.84
2008-11-12,CEMI.NS,1.0446808510638297,4.7,9.61
2006-06-22,THOM.NS,1.0445632798573974,5.61,11.47
2020-01-15,WSTC.NS,1.0443438496004434,216.49,442.58
2020-02-17,TVEL.NS,1.0443319838056682,49.4,100.99
2018-01-02,BRIT.NS,1.042802098786328,1004.39,2051.77
2006-11-17,ARTI.NS,1.0419947506561682,3.81,7.78
2018-03-28,VSTI.NS,1.041986636082577,100.27,204.75
2006-12-06,WSTC.NS,1.041635687732342,26.9,54.92
2017-04-26,WRRN.BO,1.0415279878971258,132.2,269.89
2013-06-18,JAAO.NS,1.0414101846670394,17.87,36.48
2010-01-13,WSTC.NS,1.0385431400282883,56.56,115.3
2006-10-19,WIPR.NS,1.0367541766109785,20.95,42.67
2009-04-15,WSTC.NS,1.0359882005899705,16.95,34.51
2025-02-05,ASHT.NS,1.035480349344978,183.2,372.9
2007-10-30,IMCL.NS,1.0337837837837838,10.36,21.07
2010-10-22,CEMI.NS,1.0336617405582924,12.18,24.77
2015-12-31,HEGL.NS,1.0334448160535117,14.95,30.4
2021-08-03,SEAM.NS,1.0329831492622188,334.11,679.24
2007-04-24,WHEL.NS,1.0329575021682569,23.06,46.88
2007-11-01,AEGS.NS,1.0327455919395465,3.97,8.07
2008-01-29,GENS.NS,1.0321070234113714,14.95,30.38
2009-05-25,VSTI.NS,1.031823745410037,16.34,33.2
2011-09-28,SEAM.NS,1.0315014720314033,101.9,207.01
2009-01-05,ARTI.NS,1.0309734513274336,2.26,4.59
2011-06-03,WRRN.BO,1.0309004319415216,90.29,183.37
2015-06-22,IMCL.NS,1.0302439024390244,20.5,41.62
2009-01-30,ARTI.NS,1.0289156626506024,4.15,8.42
2008-10-28,WSTC.NS,1.0282874617737003,13.08,26.53
2010-11-19,TAJG.NS,1.0264735264735263,60.06,121.71
2015-02-03,WRRN.BO,1.0264086808733168,76.49,155.0
2022-01-04,IMCL.NS,1.0256971022416619,73.16,148.2
2008-08-13,GICH.NS,1.025355596784168,16.17,32.75
2013-02-05,MDRD.BO,1.0251177394034539,6.37,12.9
2023-04-13,JKIN.NS,1.0244495647721452,78.12,158.15
2007-08-16,WSTC.NS,1.0242248062015502,61.92,125.34
2020-02-27,IMCL.NS,1.0241495715398599,38.51,77.95
2020-01-22,VSTI.NS,1.023541271347249,168.64,341.25
2025-10-13,SEAM.NS,1.0224732076866223,432.96,875.65
2024-09-18,WHEL.NS,1.0222385687451565,761.29,1539.51
2021-10-26,TANE.BO,1.0216349268039902,77.19,156.05
2017-12-01,CHPC.NS,1.0210887980569874,168.81,341.18
2005-10-28,WSTC.NS,1.0210054283691292,42.37,85.63
2010-03-29,GICH.NS,1.0200222469410454,26.97,54.48
2018-10-17,TAJG.NS,1.0199283733826245,173.12,349.69
2017-11-29,BRIT.NS,1.0189363283117276,2112.87,4265.75
2021-03-25,HLVL.NS,1.0184873949579831,5.95,12.01
2009-04-30,JKIN.NS,1.0182767624020888,3.83,7.73
2009-10-26,VSTI.NS,1.0182648401826482,13.14,26.52
2020-07-01,NALU.NS,1.0179948586118255,11.67,23.55
2016-05-06,TANE.BO,1.0178719866999169,24.06,48.55
2010-01-15,JAAO.NS,1.017593643586833,17.62,35.55
2022-07-05,GICH.NS,1.017373043146239,52.38,105.67
2014-03-07,CHPC.NS,1.0170195101701953,24.09,48.59
2005-06-16,KAMT.NS,1.0163097199341022,60.7,122.39
2022-11-15,CEMI.NS,1.0160513643659712,56.07,113.04
2021-07-16,WIPR.NS,1.0155615696887685,266.04,536.22
2015-07-13,BOB.NS,1.0150697255960415,133.38,268.77
2011-10-13,CHPC.NS,1.0144851198314457,75.94,152.98
2013-01-28,CHPC.NS,1.0143966660352342,52.79,106.34
2010-01-04,SEAM.NS,1.0128119958242383,210.74,424.18
2024-10-18,TANE.BO,1.0123688475646166,234.46,471.82
2022-09-15,AEGS.NS,1.0109756966716557,140.31,282.16
2020-10-08,CHPC.NS,1.010958904109589,29.2,58.72
2023-04-12,BRIT.NS,1.0102385724953815,2035.44,4091.72
2005-08-24,ASHT.NS,1.0101076744431539,378.92,761.67
2016-03-28,THOM.NS,1.0096618357487923,33.12,66.56
2019-05-29,CEMI.NS,1.0088224702916815,55.54,111.57
2021-11-12,TAJG.NS,1.008396421197522,72.65,145.91
2015-12-08,SEAM.NS,1.0082862523540488,53.1,106.64
2024-02-27,WRRN.BO,1.008037225042301,23.64,47.47
2017-05-09,WHEL.NS,1.0078593066307637,594.2,1193.07
2020-11-24,WRRN.BO,1.0070493454179257,49.65,99.65
2007-11-21,JKIN.NS,1.0057405281285874,8.71,17.47
2019-01-02,SEAM.NS,1.0053501480844558,104.67,209.9
2006-03-16,HLVL.NS,1.0052847915443333,34.06,68.3
2016-08-03,OSGL.NS,1.005071851225697,11.83,23.72
2006-11-23,WHEL.NS,1.0039511494252875,27.84,55.79
2006-12-18,OSGL.NS,1.0033057851239673,18.15,36.36
2012-12-19,AEGS.NS,1.0025673940949935,7.79,15.6
2020-08-19,WRRN.BO,1.0024028834601522,24.97,50.0
2025-11-03,HEGL.NS,1.001912013536379,591.0,1183.13
2019-02-21,VENK.NS,1.001620342757167,1005.96,2013.55
2018-09-18,KAMT.NS,1.0012048192771084,66.4,132.88
2012-10-03,GENS.NS,1.0008186655751126,195.44,391.04
2007-05-25,TANE.BO,1.0005319856363877,75.19,150.42
2023-05-11,JAAO.NS,1.0003067108330264,163.02,326.09
2007-03-27,SEAM.NS,1.0002440512507627,81.95,163.92
